id,name,name_scientific,wikipedia_id,food_group,food_subgroup,food_type,culinarydb_ingredient_id,foodb_id
1b9f11a4-92a8-11ee-8750-0242ac1c000c,Rye bread,,Rye_bread,Cereals and cereal products,Leavened breads,Type 2,3,837
1b9f4598-92a8-11ee-8750-0242ac1c000c,Wheat bread,,Wheat_bread,Cereals and cereal products,Leavened breads,Type 2,4,836
1b9f74d2-92a8-11ee-8750-0242ac1c000c,White bread,,,Cereals and cereal products,Cereals,Type 1,5,1019
1b9fa2cc-92a8-11ee-8750-0242ac1c000c,Whole wheat bread,,,Cereals and cereal products,Cereals,Type 1,6,986
1b9fd062-92a8-11ee-8750-0242ac1c000c,Beer,,Beer,Beverages,Fermented beverages,Type 2,9,268
1ba00172-92a8-11ee-8750-0242ac1c000c,Gin,,Gin,Beverages,Distilled beverages,Type 2,23,642
1ba03494-92a8-11ee-8750-0242ac1c000c,Rum,,Rum,Beverages,Distilled beverages,Type 2,24,646
1ba06860-92a8-11ee-8750-0242ac1c000c,Whisky,,Whisky,Beverages,Distilled beverages,Type 2,25,640
1ba09a88-92a8-11ee-8750-0242ac1c000c,Conch,Strombidae,Conch,Aquatic foods,Mollusks,Type 1,31,625
1ba0c8fa-92a8-11ee-8750-0242ac1c000c,Port wine,,Port_wine,Beverages,Fortified wines,Type 2,38,647
1ba0e966-92a8-11ee-8750-0242ac1c000c,Red wine,,,Beverages,Fermented beverages,Type 2,39,943
1ba10824-92a8-11ee-8750-0242ac1c000c,Rosé wine,,,Beverages,Fermented beverages,Type 2,40,952
1ba12840-92a8-11ee-8750-0242ac1c000c,Sake,,Sake,Beverages,Fermented beverages,Type 2,41,763
1ba146ea-92a8-11ee-8750-0242ac1c000c,Sherry,,Sherry,Beverages,Fortified wines,Type 2,42,649
1ba16558-92a8-11ee-8750-0242ac1c000c,White wine,,,Beverages,Fermented beverages,Type 2,45,949
1ba1816e-92a8-11ee-8750-0242ac1c000c,Coffee,Coffea,Coffee,Coffee and coffee products,Coffee,Type 1,46,58
1ba19f3c-92a8-11ee-8750-0242ac1c000c,Mate,Ilex paraguariensis,,Herbs and Spices,Herbs,Type 1,47,948
1ba1bc60-92a8-11ee-8750-0242ac1c000c,Black tea,,,Teas,Teas,Type 1,48,939
1ba1da4c-92a8-11ee-8750-0242ac1c000c,Green tea,,,Teas,Teas,Type 1,49,940
1ba1f5cc-92a8-11ee-8750-0242ac1c000c,Barley,Hordeum vulgare,Barley,Cereals and cereal products,Cereals,Type 1,51,88
1ba21250-92a8-11ee-8750-0242ac1c000c,Crisp bread,,Crisp_bread,Cereals and cereal products,Flat breads,Type 2,52,659
1ba22f1a-92a8-11ee-8750-0242ac1c000c,Salt,,Salt,Baking goods,Seasonings,Type 2,53,666
1ba24b9e-92a8-11ee-8750-0242ac1c000c,Oat,Avena sativa,Oat,Cereals and cereal products,Cereals,Type 1,54,22
1ba266d8-92a8-11ee-8750-0242ac1c000c,Rice,Oryza sativa,Rice,Cereals and cereal products,Cereals,Type 1,55,125
1ba28406-92a8-11ee-8750-0242ac1c000c,Corn,Zea mays,Corn,Cereals and cereal products,Cereals,Type 1,56,205
1ba29f9a-92a8-11ee-8750-0242ac1c000c,Corn oil,,,Herbs and Spices,Oilseed crops,Type 2,57,976
1ba2ba16-92a8-11ee-8750-0242ac1c000c,Popcorn,,Popcorn,Snack foods,Snack foods,Type 2,58,744
1ba2d5aa-92a8-11ee-8750-0242ac1c000c,Butter,,Butter,Milk and milk products,Other milk products,Type 2,60,667
1ba323d4-92a8-11ee-8750-0242ac1c000c,Buttermilk,,Buttermilk,Milk and milk products,Fermented milks,Type 2,61,714
1ba34bde-92a8-11ee-8750-0242ac1c000c,Cheese,,Cheese,Milk and milk products,Fermented milk products,Type 2,62,631
1ba36b64-92a8-11ee-8750-0242ac1c000c,Blue cheese,,,Milk and milk products,Fermented milk products,Type 2,63,983
1ba389aa-92a8-11ee-8750-0242ac1c000c,Cheddar Cheese,Cheddar Cheese,,Milk and milk products,Fermented milk products,Type 2,65,967
1ba3a994-92a8-11ee-8750-0242ac1c000c,Cottage cheese,,,Milk and milk products,Fermented milk products,Type 2,67,982
1ba3d752-92a8-11ee-8750-0242ac1c000c,Mozzarella cheese,,,Milk and milk products,Fermented milk products,Type 2,75,965
1ba40cae-92a8-11ee-8750-0242ac1c000c,Parmesan cheese,,,Milk and milk products,Fermented milk products,Type 2,78,968
1ba42ed2-92a8-11ee-8750-0242ac1c000c,Swiss cheese,,,Milk and milk products,Fermented milk products,Type 2,84,981
1ba45286-92a8-11ee-8750-0242ac1c000c,Yogurt,,,Milk and milk products,Fermented milk products,Type 2,94,634
1ba4728e-92a8-11ee-8750-0242ac1c000c,Medlar,Mespilus germanica,Medlar,Fruits,Pomes,Type 1,101,114
1ba48eea-92a8-11ee-8750-0242ac1c000c,Lemon grass,Cymbopogon citratus,Cymbopogon citratus,Herbs and Spices,Herbs,Type 1,113,70
1ba4aede-92a8-11ee-8750-0242ac1c000c,Lovage,Levisticum officinale,Lovage,Herbs and Spices,Herbs,Type 1,116,100
1ba4cd7e-92a8-11ee-8750-0242ac1c000c,Clam,,,Aquatic foods,Bivalvia,Type 1,134,984
1ba5146e-92a8-11ee-8750-0242ac1c000c,Crab,Brachyura,Crab,Aquatic foods,Crustaceans,Type 1,135,587
1ba53304-92a8-11ee-8750-0242ac1c000c,Crayfish,Astacidea,Crayfish,Aquatic foods,Crustaceans,Type 1,136,547
1ba54eb6-92a8-11ee-8750-0242ac1c000c,Kelp,Laminaria,Kelp,Aquatic foods,Seaweed,Type 1,137,396
1ba56dc4-92a8-11ee-8750-0242ac1c000c,Mollusks,,Mollusks,Aquatic foods,Mollusks,Unknown,140,900
1ba58c96-92a8-11ee-8750-0242ac1c000c,Scallop,Pectinidae,Scallop,Aquatic foods,Mollusks,Type 1,143,472
1ba5a8e8-92a8-11ee-8750-0242ac1c000c,Sheefish,Stenodus leucichthys,Stenodus leucichthys,Aquatic foods,Fishes,Type 1,144,482
1ba5c4a4-92a8-11ee-8750-0242ac1c000c,Shrimp,Caridea,Shrimp,Aquatic foods,Crustaceans,Type 1,145,546
1ba5e150-92a8-11ee-8750-0242ac1c000c,Squid,Teuthida,Squid,Aquatic foods,Mollusks,Type 1,147,545
1ba60734-92a8-11ee-8750-0242ac1c000c,Swordfish,Xiphias gladius,Swordfish,Aquatic foods,Fishes,Type 1,150,498
1ba62b06-92a8-11ee-8750-0242ac1c000c,Fish oil,,,,,Type 1,154,1022
1ba64ff0-92a8-11ee-8750-0242ac1c000c,Apple,Malus pumila,Apple,Fruits,Pomes,Type 1,162,105
1ba67480-92a8-11ee-8750-0242ac1c000c,Apricot,Prunus armeniaca,Apricot,Fruits,Drupes,Type 1,164,144
1ba69ae6-92a8-11ee-8750-0242ac1c000c,Avocado,Persea americana,Avocado,Vegetables,Fruit vegetables,Type 1,165,130
1ba6c2d2-92a8-11ee-8750-0242ac1c000c,Banana,Musa acuminata,Banana,Fruits,Tropical fruits,Type 1,167,208
1ba6e9a6-92a8-11ee-8750-0242ac1c000c,Cherimoya,Annona cherimola,Cherimoya,Fruits,Tropical fruits,Type 1,171,331
1ba711d8-92a8-11ee-8750-0242ac1c000c,Coconut,Cocos nucifera,Coconut,Fruits,Tropical fruits,Type 1,172,341
1ba7399c-92a8-11ee-8750-0242ac1c000c,Blackcurrant,Ribes nigrum,Blackcurrant,Fruits,Berries,Type 1,174,155
1ba76192-92a8-11ee-8750-0242ac1c000c,Redcurrant,Ribes rubrum,Redcurrant,Fruits,Berries,Type 1,175,156
1ba788fc-92a8-11ee-8750-0242ac1c000c,Date,Phoenix dactylifera,Date_(fruit)#Dates,Fruits,Other fruits,Type 1,177,135
1ba7adb4-92a8-11ee-8750-0242ac1c000c,Durian,Durio zibethinus,Durian,Fruits,Tropical fruits,Type 1,178,360
1ba7d32a-92a8-11ee-8750-0242ac1c000c,Elderberry,Sambucus,Elderberry,Fruits,Berries,Type 1,179,363
1ba7f724-92a8-11ee-8750-0242ac1c000c,Feijoa,Feijoa sellowiana,Feijoa,Fruits,Tropical fruits,Type 1,180,558
1ba81c0e-92a8-11ee-8750-0242ac1c000c,Fig,Ficus carica,Ficus_carica,Fruits,Other fruits,Type 1,181,81
1ba83ff4-92a8-11ee-8750-0242ac1c000c,Grape,Vitis,Grape,Fruits,Berries,Type 1,182,374
1ba863f8-92a8-11ee-8750-0242ac1c000c,Guava,Psidium guajava,Guava,Fruits,Tropical fruits,Type 1,183,150
1ba88798-92a8-11ee-8750-0242ac1c000c,Jackfruit,Artocarpus heterophyllus,Jackfruit,Fruits,Tropical fruits,Type 1,185,389
1ba8ab6a-92a8-11ee-8750-0242ac1c000c,Chia,Salvia hispanica,Salvia_hispanica,Herbs and Spices,Other seeds,Type 1,187,333
1ba8d180-92a8-11ee-8750-0242ac1c000c,Loquat,Eriobotrya japonica,Loquat,Fruits,Tropical fruits,Type 1,188,76
1ba8f6e2-92a8-11ee-8750-0242ac1c000c,Mango,Mangifera indica,Mango,Fruits,Tropical fruits,Type 1,190,106
1ba91c58-92a8-11ee-8750-0242ac1c000c,Muskmelon,Cucumis melo,Muskmelon,Gourds,Gourds,Type 1,192,64
1ba942d2-92a8-11ee-8750-0242ac1c000c,Naranjilla,Solanum quitoense,Solanum_quitoense,Fruits,Tropical fruits,Type 1,193,814
1ba9676c-92a8-11ee-8750-0242ac1c000c,Papaya,Carica papaya,Papaya,Fruits,Tropical fruits,Type 1,196,41
1ba98a9e-92a8-11ee-8750-0242ac1c000c,Passion fruit,Passiflora edulis,Passiflora edulis,Fruits,Tropical fruits,Type 1,198,128
1ba9adda-92a8-11ee-8750-0242ac1c000c,Peach,Prunus persica,Peach,Fruits,Drupes,Type 1,201,149
1ba9d10c-92a8-11ee-8750-0242ac1c000c,Pear,Pyrus communis,Pear,Fruits,Pomes,Type 1,202,152
1ba9f57e-92a8-11ee-8750-0242ac1c000c,Prickly pear,Opuntia,Opuntia,Fruits,Tropical fruits,Type 1,204,449
1baa19a0-92a8-11ee-8750-0242ac1c000c,Pineapple,Ananas comosus,Pineapple,Fruits,Tropical fruits,Type 1,206,12
1baa3cc8-92a8-11ee-8750-0242ac1c000c,Quince,Cydonia oblonga,Quince,Fruits,Pomes,Type 1,210,69
1baa6018-92a8-11ee-8750-0242ac1c000c,Sapodilla,Manilkara zapota,Sapodilla Cayes,Fruits,Tropical fruits,Type 1,214,468
1baa819c-92a8-11ee-8750-0242ac1c000c,Soursop,Annona muricata,Soursop,Fruits,Tropical fruits,Type 1,215,488
1baaa5f0-92a8-11ee-8750-0242ac1c000c,Star fruit,Averrhoa carambola,Averrhoa carambola,Fruits,Tropical fruits,Type 1,217,23
1baaca12-92a8-11ee-8750-0242ac1c000c,Tamarind,Tamarindus indica,Tamarind,Fruits,Tropical fruits,Type 1,218,180
1baaedbc-92a8-11ee-8750-0242ac1c000c,Bilberry,Vaccinium myrtillus,Bilberry,Fruits,Berries,Type 1,221,193
1bab103a-92a8-11ee-8750-0242ac1c000c,Blackberry,Rubus,Blackberry,Fruits,Berries,Type 1,222,938
1bab32fe-92a8-11ee-8750-0242ac1c000c,Sour cherry,Prunus cerasus,Prunus_cerasus,Fruits,Drupes,Type 1,226,146
1bab5676-92a8-11ee-8750-0242ac1c000c,Sweet cherry,Prunus avium,Prunus avium,Fruits,Drupes,Type 1,227,145
1bab7a34-92a8-11ee-8750-0242ac1c000c,Cloudberry,Rubus chamaemorus,Cloudberry,Fruits,Berries,Type 1,228,161
1bab9dca-92a8-11ee-8750-0242ac1c000c,Gooseberry,Ribes uva-crispa,Gooseberry,Fruits,Berries,Type 1,230,157
1babc2dc-92a8-11ee-8750-0242ac1c000c,Lingonberry,Vaccinium vitis-idaea,Vaccinium vitis-idaea,Fruits,Berries,Type 1,231,194
1babe712-92a8-11ee-8750-0242ac1c000c,Loganberry,Rubus loganobaccus,Loganberry,Fruits,Berries,Type 1,232,405
1bac0e72-92a8-11ee-8750-0242ac1c000c,Strawberry,Fragaria X ananassa,Strawberry,Fruits,Berries,Type 1,234,83
1bac39ba-92a8-11ee-8750-0242ac1c000c,Grapefruit,Citrus X paradisi,Grapefruit,Fruits,Citrus,Type 1,238,256
1bac56f2-92a8-11ee-8750-0242ac1c000c,Kumquat,Fortunella,Kumquat,Fruits,Tropical fruits,Type 1,239,398
1bac74ac-92a8-11ee-8750-0242ac1c000c,Lemon,Citrus limon,Lemon,Fruits,Citrus,Type 1,240,54
1bac9158-92a8-11ee-8750-0242ac1c000c,Lime,Citrus aurantiifolia,Citrus_aurantiifolia,Fruits,Citrus,Type 1,241,53
1bacacec-92a8-11ee-8750-0242ac1c000c,Vanilla,Vanilla,Vanilla,Herbs and Spices,Spices,Type 1,245,195
1bacc876-92a8-11ee-8750-0242ac1c000c,Mushrooms,,Mushrooms,Vegetables,Mushrooms,Unknown,246,883
1bace4a0-92a8-11ee-8750-0242ac1c000c,Angelica,Angelica keiskei,Angelica,Herbs and Spices,Herbs,Type 1,248,1
1bad0214-92a8-11ee-8750-0242ac1c000c,Chervil,Anthriscus cerefolium,Chervil,Herbs and Spices,Spices,Type 1,253,332
1bad1e98-92a8-11ee-8750-0242ac1c000c,Coriander,Coriandrum sativum,Coriander,Herbs and Spices,Herbs,Type 1,254,61
1bad3b12-92a8-11ee-8750-0242ac1c000c,Cornmint,Mentha arvensis,Mentha arvensis,Herbs and Spices,Herbs,Type 1,255,111
1bad570a-92a8-11ee-8750-0242ac1c000c,Dill,Anethum graveolens,Dill,Herbs and Spices,Herbs,Type 1,256,13
1bad749c-92a8-11ee-8750-0242ac1c000c,Fennel,Foeniculum vulgare,Fennel,Herbs and Spices,Herbs,Type 1,257,82
1bad8f54-92a8-11ee-8750-0242ac1c000c,Fenugreek,Trigonella foenum-graecum,Fenugreek,Herbs and Spices,Herbs,Type 1,258,186
1badab88-92a8-11ee-8750-0242ac1c000c,Garlic,Allium sativum,Garlic,Herbs and Spices,Herbs,Type 1,259,8
1badc73a-92a8-11ee-8750-0242ac1c000c,Lemon balm,Melissa officinalis,Melissa officinalis,Herbs and Spices,Herbs,Type 1,260,108
1bade2ec-92a8-11ee-8750-0242ac1c000c,Rosemary,Rosmarinus officinalis,Rosemary,Herbs and Spices,Herbs,Type 1,264,159
1badfd86-92a8-11ee-8750-0242ac1c000c,Spearmint,Mentha spicata,Spearmint,Herbs and Spices,Herbs,Type 1,266,112
1bae1adc-92a8-11ee-8750-0242ac1c000c,Tarragon,Artemisia dracunculus,Artemisia_dracunculus,Herbs and Spices,Herbs,Type 1,268,19
1bae36ca-92a8-11ee-8750-0242ac1c000c,Processed cheese,,Processed_cheese,Milk and milk products,Fermented milk products,Type 2,271,735
1bae51dc-92a8-11ee-8750-0242ac1c000c,Chicken,Gallus gallus,Chicken,Animal foods,Poultry,Type 1,272,334
1bae6dd4-92a8-11ee-8750-0242ac1c000c,Turkey,Meleagris gallopavo,Meleagris_gallopavo,Animal foods,Poultry,Type 1,280,505
1bae89f4-92a8-11ee-8750-0242ac1c000c,Almond,Prunus dulcis,Prunus_dulcis,Nuts,Nuts,Type 1,281,148
1baea6fa-92a8-11ee-8750-0242ac1c000c,Brazil nut,Bertholletia excelsa,Brazil nut,Nuts,Nuts,Type 1,282,24
1baec20c-92a8-11ee-8750-0242ac1c000c,Lima bean,Phaseolus lunatus,Phaseolus lunatus,Pulses,Beans,Type 1,285,133
1baede40-92a8-11ee-8750-0242ac1c000c,Peanut,Arachis hypogaea,Mr. Peanut,Nuts,Nuts,Type 1,287,16
1baef9ca-92a8-11ee-8750-0242ac1c000c,Soy bean,Glycine max,Soybean,Soy,Soy,Type 1,289,85
1baf143c-92a8-11ee-8750-0242ac1c000c,Soybean oil,,,Herbs and Spices,Oilseed crops,Type 2,290,946
1baf3016-92a8-11ee-8750-0242ac1c000c,Hazelnut,Corylus,Hazelnut,Nuts,Nuts,Type 1,293,381
1baf4df8-92a8-11ee-8750-0242ac1c000c,Macadamia nut,Macadamia,Macadamia_nut,Nuts,Nuts,Type 1,294,536
1baf69c8-92a8-11ee-8750-0242ac1c000c,Walnut,Juglans,Walnut,Nuts,Nuts,Type 1,297,622
1baf841c-92a8-11ee-8750-0242ac1c000c,Marshmallow,,Marshmallow,Confectioneries,Candies,Type 2,298,683
1bafa064-92a8-11ee-8750-0242ac1c000c,Sesame,Sesamum orientale,Sesame,Herbs and Spices,Oilseed crops,Type 1,299,170
1bafbca2-92a8-11ee-8750-0242ac1c000c,Allium,Allium,Allium haematochiton,Vegetables,Onion-family vegetables,Type 1,300,5
1bafd660-92a8-11ee-8750-0242ac1c000c,Rapini,Brassica ruvo,Rapini,Vegetables,Cabbages,Type 1,301,314
1baff492-92a8-11ee-8750-0242ac1c000c,Cherimoya,Annona cherimola,Cherimoya,Fruits,Tropical fruits,Type 1,302,331
1bb010e4-92a8-11ee-8750-0242ac1c000c,Chicory,Cichorium intybus,Chicory,Vegetables,Root vegetables,Type 1,303,49
1bb02d4a-92a8-11ee-8750-0242ac1c000c,Nachos,,Nachos,Dishes,Tex-Mex cuisine,Type 2,304,734
1bb048f2-92a8-11ee-8750-0242ac1c000c,Olive,Olea europaea,Olive,Vegetables,Fruit vegetables,Type 1,307,121
1bb06440-92a8-11ee-8750-0242ac1c000c,Tea,Camellia sinensis,Tea,Teas,Teas,Type 1,310,38
1bb08088-92a8-11ee-8750-0242ac1c000c,Watercress,Rorippa nasturtium-aquaticum,Watercress,Herbs and Spices,Herbs,Type 1,313,158
1bb09ad2-92a8-11ee-8750-0242ac1c000c,Honey,,Honey,Confectioneries,Other confectioneries,Type 2,315,643
1bb0b684-92a8-11ee-8750-0242ac1c000c,Peanut oil,,,Herbs and Spices,Oilseed crops,Type 2,319,974
1bb0d290-92a8-11ee-8750-0242ac1c000c,Rye,Secale cereale,Rye,Cereals and cereal products,Cereals,Type 1,320,169
1bb0eea6-92a8-11ee-8750-0242ac1c000c,Vinegar,,Vinegar,Baking goods,Seasonings,Type 2,322,645
1bb1094a-92a8-11ee-8750-0242ac1c000c,Anise,Pimpinella anisum,Anise,Herbs and Spices,Herbs,Type 1,323,137
1bb126fa-92a8-11ee-8750-0242ac1c000c,Star anise,Illicium verum,Illicium verum,Herbs and Spices,Spices,Type 1,325,90
1bb142f2-92a8-11ee-8750-0242ac1c000c,Caraway,Carum carvi,Caraway,Herbs and Spices,Spices,Type 1,326,43
1bb15eea-92a8-11ee-8750-0242ac1c000c,Cardamom,Elettaria cardamomum,Cardamom,Herbs and Spices,Spices,Type 1,327,74
1bb17b00-92a8-11ee-8750-0242ac1c000c,Cassava,Manihot esculenta,Cassava,Vegetables,Tubers,Type 1,328,328
1bb196bc-92a8-11ee-8750-0242ac1c000c,Cinnamon,Cinnamomum,Cinnamon,Herbs and Spices,Spices,Type 1,330,586
1bb1b43a-92a8-11ee-8750-0242ac1c000c,Cloves,Syzygium aromaticum,Cloves,Herbs and Spices,Spices,Type 1,331,179
1bb1dc1c-92a8-11ee-8750-0242ac1c000c,Cumin,Cuminum cyminum,Cumin,Herbs and Spices,Spices,Type 1,332,67
1bb21128-92a8-11ee-8750-0242ac1c000c,Ginger,Zingiber officinale,Ginger,Herbs and Spices,Spices,Type 1,333,206
1bb2377a-92a8-11ee-8750-0242ac1c000c,Mate,Ilex paraguariensis,,Herbs and Spices,Herbs,Type 1,334,948
1bb25c1e-92a8-11ee-8750-0242ac1c000c,Nutmeg,Myristica fragrans,Nutmeg,Herbs and Spices,Spices,Type 1,336,118
1bb280d6-92a8-11ee-8750-0242ac1c000c,Parsley,Petroselinum crispum,Parsley,Herbs and Spices,Herbs,Type 1,338,131
1bb2a552-92a8-11ee-8750-0242ac1c000c,Pepper,Capsicum annuum,Capsicum_annuum,Vegetables,Fruit vegetables,Type 1,339,40
1bb2ca28-92a8-11ee-8750-0242ac1c000c,Saffron,Crocus sativus,Saffron,Herbs and Spices,Spices,Type 1,340,63
1bb2eecc-92a8-11ee-8750-0242ac1c000c,Turmeric,Curcuma longa,Turmeric,Herbs and Spices,Spices,Type 1,341,68
1bb312bc-92a8-11ee-8750-0242ac1c000c,Green bean,Phaseolus vulgaris,Phaseolus vulgaris,Pulses,Beans,Type 1,342,915
1bb335e4-92a8-11ee-8750-0242ac1c000c,Chives,Allium schoenoprasum,Chives,Herbs and Spices,Herbs,Type 1,343,9
1bb35b1e-92a8-11ee-8750-0242ac1c000c,Endive,Cichorium endivia,Endive,Vegetables,Leaf vegetables,Type 1,344,48
1bb37f54-92a8-11ee-8750-0242ac1c000c,Leek,Allium porrum,Leek,Vegetables,Onion-family vegetables,Type 1,345,7
1bb3a4c0-92a8-11ee-8750-0242ac1c000c,Lettuce,Lactuca sativa,Lettuce,Vegetables,Leaf vegetables,Type 1,346,95
1bb3c946-92a8-11ee-8750-0242ac1c000c,Okra,Abelmoschus esculentus,Okra,Vegetables,Other vegetables,Type 1,347,427
1bb3ed7c-92a8-11ee-8750-0242ac1c000c,Shallot,Allium ascalonicum,Shallot,Vegetables,Onion-family vegetables,Type 1,349,243
1bb411b2-92a8-11ee-8750-0242ac1c000c,Peppermint,Mentha X piperita,Peppermint,Herbs and Spices,Herbs,Type 1,350,113
1bb4350c-92a8-11ee-8750-0242ac1c000c,Broccoli,Brassica oleracea var. italica,Broccoli,Vegetables,Cabbages,Type 1,351,34
1bb45a64-92a8-11ee-8750-0242ac1c000c,Brussel sprouts,Brassica oleracea var. gemmifera,Brussels sprout,Vegetables,Cabbages,Type 1,352,32
1bb47fbc-92a8-11ee-8750-0242ac1c000c,Cabbage,Brassica oleracea var. capitata,Cabbage,Vegetables,Cabbages,Type 1,353,881
1bb4a564-92a8-11ee-8750-0242ac1c000c,Cauliflower,Brassica oleracea var. botrytis,Cauliflower,Vegetables,Cabbages,Type 1,354,31
1bb4ca26-92a8-11ee-8750-0242ac1c000c,Horseradish,Armoracia rusticana,Horseradish,Herbs and Spices,Spices,Type 1,355,18
1bb4ed30-92a8-11ee-8750-0242ac1c000c,Mustard,,Mustard_(condiment),Baking goods,Condiments,Type 2,356,673
1bb510da-92a8-11ee-8750-0242ac1c000c,Radish,Raphanus sativus,Radish,Vegetables,Root vegetables,Type 1,357,153
1bb534f2-92a8-11ee-8750-0242ac1c000c,Turnip,Brassica rapa var. rapa,Turnip,Herbs and Spices,Herbs,Type 1,358,36
1bb55900-92a8-11ee-8750-0242ac1c000c,Kohlrabi,Brassica oleracea var. gongylodes,Kohlrabi,Vegetables,Root vegetables,Type 1,359,33
1bb57d86-92a8-11ee-8750-0242ac1c000c,Wasabi,Wasabia japonica,Wasabi,Herbs and Spices,Spices,Type 1,361,509
1bb5a27a-92a8-11ee-8750-0242ac1c000c,Chayote,Sechium edule,Chayote,Gourds,Gourds,Type 1,365,330
1bb5c8ae-92a8-11ee-8750-0242ac1c000c,Cucumber,Cucumis sativus,Cucumber,Gourds,Gourds,Type 1,366,65
1bb5ee1a-92a8-11ee-8750-0242ac1c000c,Carrot,Daucus carota ssp. sativus,Carrot,Vegetables,Root vegetables,Type 1,368,245
1bb61296-92a8-11ee-8750-0242ac1c000c,Parsnip,Pastinaca sativa,Parsnip,Vegetables,Root vegetables,Type 1,369,129
1bb637ee-92a8-11ee-8750-0242ac1c000c,Sweet potato,Ipomoea batatas,Sweet Potato Pie (album),Vegetables,Tubers,Type 1,370,92
1bb65cce-92a8-11ee-8750-0242ac1c000c,Asparagus,Asparagus officinalis,Asparagus,Vegetables,Shoot vegetables,Type 1,371,21
1bb68104-92a8-11ee-8750-0242ac1c000c,Cassava,Manihot esculenta,Cassava,Vegetables,Tubers,Type 1,372,328
1bb6a4e0-92a8-11ee-8750-0242ac1c000c,Potato,Solanum tuberosum,Potato,Vegetables,Tubers,Type 1,373,175
1bb6c934-92a8-11ee-8750-0242ac1c000c,Allspice,Pimenta dioica,Allspice,Herbs and Spices,Spices,Type 1,375,288
1bb6ec98-92a8-11ee-8750-0242ac1c000c,Wax gourd,Benincasa hispida,Wax_gourd,Gourds,Gourds,Type 1,377,510
1bb70f70-92a8-11ee-8750-0242ac1c000c,Bitter gourd,Momordica charantia,Bitter melon,Gourds,Gourds,Type 1,378,115
1bb73220-92a8-11ee-8750-0242ac1c000c,Bitter gourd,Momordica charantia,Bitter melon,Gourds,Gourds,Type 1,379,115
1bb75480-92a8-11ee-8750-0242ac1c000c,Canola oil,,,Herbs and Spices,Oilseed crops,Type 2,380,954
1bb7774e-92a8-11ee-8750-0242ac1c000c,Eggplant,Solanum melongena,Eggplant,Vegetables,Fruit vegetables,Type 1,387,174
1bb79b84-92a8-11ee-8750-0242ac1c000c,Flaxseed,Linum usitatissimum,Flax,Herbs and Spices,Oilseed crops,Type 1,388,101
1bb7befc-92a8-11ee-8750-0242ac1c000c,Lotus,Nelumbo,Nelumbo,Herbs and Spices,Other seeds,Type 1,391,406
1bb7e1c0-92a8-11ee-8750-0242ac1c000c,Pomegranate,Punica granatum,Pomegranate,Fruits,Tropical fruits,Type 1,394,151
1bb804fc-92a8-11ee-8750-0242ac1c000c,Spinach,Spinacia oleracea,Spinach,Vegetables,Leaf vegetables,Type 1,396,178
1bb8293c-92a8-11ee-8750-0242ac1c000c,Pigeon pea,Cajanus cajan,Pigeon pea,Pulses,Peas,Type 1,403,37
1bb84f20-92a8-11ee-8750-0242ac1c000c,Silver linden,Tilia argentea,Tilia tomentosa,Herbs and Spices,Herbs,Type 1,408,3
1bb8731a-92a8-11ee-8750-0242ac1c000c,Lemon verbena,Aloysia triphylla,Aloysia citrodora,Herbs and Spices,Herbs,Type 1,410,10
1bb89638-92a8-11ee-8750-0242ac1c000c,Cashew nut,Anacardium occidentale,Cashew_nut,Nuts,Nuts,Type 1,411,11
1bb8b9d8-92a8-11ee-8750-0242ac1c000c,Burdock,Arctium lappa,Arctium_lappa,Vegetables,Root vegetables,Type 1,412,17
1bb8dd50-92a8-11ee-8750-0242ac1c000c,Borage,Borago officinalis,Borage,Herbs and Spices,Oilseed crops,Type 1,413,26
1bb8ff42-92a8-11ee-8750-0242ac1c000c,Capers,Capparis spinosa,Capers,Herbs and Spices,Spices,Type 1,414,39
1bb9236e-92a8-11ee-8750-0242ac1c000c,Safflower,Carthamus tinctorius,Safflower,Herbs and Spices,Oilseed crops,Type 1,415,42
1bb948bc-92a8-11ee-8750-0242ac1c000c,Chestnut,Castanea,Chestnut,Nuts,Nuts,Type 1,416,45
1bb96f22-92a8-11ee-8750-0242ac1c000c,Chickpea,Cicer arietinum,Chickpea,Pulses,Peas,Type 1,417,47
1bb9936c-92a8-11ee-8750-0242ac1c000c,Pummelo,Citrus maxima,Pomelo,Fruits,Citrus,Type 1,418,55
1bb9b702-92a8-11ee-8750-0242ac1c000c,Arabica coffee,Coffea arabica,Arabica_coffee,Coffee and coffee products,Coffee,Type 1,419,59
1bb9da98-92a8-11ee-8750-0242ac1c000c,Japanese persimmon,Diospyros kaki,Japanese_persimmon,Fruits,Tropical fruits,Type 1,421,73
1bb9ff82-92a8-11ee-8750-0242ac1c000c,Black crowberry,Empetrum nigrum,Empetrum nigrum,Fruits,Berries,Type 1,422,75
1bba2480-92a8-11ee-8750-0242ac1c000c,Rocket salad,Eruca vesicaria,Rocket_(salad),Vegetables,Leaf vegetables,Type 1,423,244
1bba497e-92a8-11ee-8750-0242ac1c000c,Tartary buckwheat,Fagopyrum tataricum,Fagopyrum tataricum,Cereals and cereal products,Cereals,Type 1,424,80
1bba6e22-92a8-11ee-8750-0242ac1c000c,Black huckleberry,Gaylussacia baccata,Black_huckleberry,Fruits,Berries,Type 1,425,84
1bba91fe-92a8-11ee-8750-0242ac1c000c,Sunflower,Helianthus annuus,Sunflower,Herbs and Spices,Oilseed crops,Type 1,426,86
1bbab4e0-92a8-11ee-8750-0242ac1c000c,Swamp cabbage,Ipomoea aquatica,Ipomoea_aquatica,Vegetables,Leaf vegetables,Type 1,427,91
1bbad920-92a8-11ee-8750-0242ac1c000c,Grass pea,Lathyrus sativus,Lathyrus sativus,Pulses,Peas,Type 1,428,96
1bbafb1c-92a8-11ee-8750-0242ac1c000c,Lentils,Lens culinaris,Lentils,Pulses,Lentils,Type 1,429,98
1bbb1fc0-92a8-11ee-8750-0242ac1c000c,Garden cress,Lepidium sativum,Garden cress,Vegetables,Leaf vegetables,Type 1,430,99
1bbb42ca-92a8-11ee-8750-0242ac1c000c,Mexican oregano,Lippia graveolens,Mexican_oregano,Herbs and Spices,Herbs,Type 1,431,102
1bbb6642-92a8-11ee-8750-0242ac1c000c,Lupine,Lupinus,Lupin,Pulses,Other pulses,Type 1,432,104
1bbb89ec-92a8-11ee-8750-0242ac1c000c,Medlar,Mespilus germanica,Medlar,Fruits,Pomes,Type 1,433,114
1bbbadb4-92a8-11ee-8750-0242ac1c000c,Mulberry,Morus,Mulberry,Fruits,Berries,Type 1,434,116
1bbbd19a-92a8-11ee-8750-0242ac1c000c,Black mulberry,Morus nigra,Black_mulberry,Fruits,Berries,Type 1,435,117
1bbbf670-92a8-11ee-8750-0242ac1c000c,Evening primrose,Oenothera biennis,Evening_primrose,Herbs and Spices,Oilseed crops,Type 1,436,120
1bbc18bc-92a8-11ee-8750-0242ac1c000c,Millet,Panicum miliaceum,Millet,Cereals and cereal products,Cereals,Type 1,437,126
1bbc422e-92a8-11ee-8750-0242ac1c000c,Scarlet bean,Phaseolus coccineus,Phaseolus_coccineus,Pulses,Beans,Type 1,438,132
1bbc66aa-92a8-11ee-8750-0242ac1c000c,Pistachio,Pistacia vera,Pistachio,Nuts,Nuts,Type 1,439,140
1bbc8bee-92a8-11ee-8750-0242ac1c000c,Purslane,Portulaca oleracea,Purslane,Herbs and Spices,Herbs,Type 1,440,142
1bbcafac-92a8-11ee-8750-0242ac1c000c,Red raspberry,Rubus idaeus,Red_raspberry,Fruits,Berries,Type 1,441,162
1bbcee90-92a8-11ee-8750-0242ac1c000c,Black raspberry,Rubus occidentalis,Black raspberry,Fruits,Berries,Type 1,442,163
1bbd4124-92a8-11ee-8750-0242ac1c000c,Sorrel,Rumex acetosa,Sorrel,Herbs and Spices,Herbs,Type 1,443,164
1bbd7374-92a8-11ee-8750-0242ac1c000c,Summer savory,Satureja hortensis,Summer_savory,Herbs and Spices,Herbs,Type 1,444,167
1bbd9b4c-92a8-11ee-8750-0242ac1c000c,Winter savory,Satureja montana,Winter savory,Herbs and Spices,Herbs,Type 1,445,168
1bbdc810-92a8-11ee-8750-0242ac1c000c,Cherry tomato,Solanum lycopersicum var. cerasiforme,Cherry tomato,Vegetables,Fruit vegetables,Type 1,446,172
1bbdfac4-92a8-11ee-8750-0242ac1c000c,Rowanberry,Sorbus aucuparia,Rowanberry,Fruits,Berries,Type 1,447,176
1bbe2008-92a8-11ee-8750-0242ac1c000c,Sorghum,Sorghum bicolor,Sorghum,Cereals and cereal products,Cereals,Type 1,448,177
1bbe454c-92a8-11ee-8750-0242ac1c000c,Dandelion,Taraxacum officinale,Dandelion,Herbs and Spices,Herbs,Type 1,449,181
1bbe6996-92a8-11ee-8750-0242ac1c000c,Linden,Tilia,,Herbs and Spices,Herbs,Type 1,450,184
1bbe8eee-92a8-11ee-8750-0242ac1c000c,Small-leaf linden,Tilia cordata,Tilia cordata,Herbs and Spices,Herbs,Type 1,451,185
1bbeb306-92a8-11ee-8750-0242ac1c000c,Wheat,Triticum,Wheat,Cereals and cereal products,Cereals,Type 1,452,575
1bbed886-92a8-11ee-8750-0242ac1c000c,Sparkleberry,Vaccinium arboreum,Sparkleberry,Fruits,Berries,Type 1,453,190
1bbefc76-92a8-11ee-8750-0242ac1c000c,Common verbena,Verbena officinalis,Verbena officinalis,Herbs and Spices,Herbs,Type 1,454,196
1bbf20f2-92a8-11ee-8750-0242ac1c000c,Adzuki bean,Vigna angularis,Azuki bean,Pulses,Beans,Type 1,455,198
1bbf4438-92a8-11ee-8750-0242ac1c000c,Gram bean,Vigna mungo,Vigna_mungo,Pulses,Beans,Type 1,456,199
1bbf686e-92a8-11ee-8750-0242ac1c000c,Mung bean,Vigna radiata,Mung bean,Pulses,Beans,Type 1,457,200
1bbf8f92-92a8-11ee-8750-0242ac1c000c,Climbing bean,Vigna umbellata,Vigna umbellata,Pulses,Beans,Type 1,458,201
1bbfb3d2-92a8-11ee-8750-0242ac1c000c,Muscadine grape,Vitis rotundifolia,Muscadine,Fruits,Berries,Type 1,459,203
1bbfd92a-92a8-11ee-8750-0242ac1c000c,Bayberry,Myrica,Bayberry,Fruits,Berries,Type 1,460,209
1bbffd42-92a8-11ee-8750-0242ac1c000c,Elliott's blueberry,Vaccinium elliottii,Vaccinium_elliottii,Fruits,Berries,Type 1,461,210
1bc02178-92a8-11ee-8750-0242ac1c000c,Canada blueberry,Vaccinium myrtilloides,Vaccinium myrtilloides,Fruits,Berries,Type 1,462,211
1bc04694-92a8-11ee-8750-0242ac1c000c,Buffalo currant,Ribes aureum var. villosum,Buffalo_currant,Fruits,Berries,Type 1,463,213
1bc06a70-92a8-11ee-8750-0242ac1c000c,Deerberry,Vaccinium stamineum,Vaccinium stamineum,Fruits,Berries,Type 1,464,218
1bc08e60-92a8-11ee-8750-0242ac1c000c,Ginseng,Panax,Ginseng,Herbs and Spices,Spices,Type 1,465,219
1bc0b336-92a8-11ee-8750-0242ac1c000c,Longan,Dimocarpus longan,Longan,Fruits,Tropical fruits,Type 1,466,224
1bc0d71c-92a8-11ee-8750-0242ac1c000c,Rambutan,Nephelium lappaceum,Rambutan,Fruits,Tropical fruits,Type 1,469,234
1bc0fbfc-92a8-11ee-8750-0242ac1c000c,Red rice,Oryza rufipogon,Oryza_rufipogon,Cereals and cereal products,Cereals,Type 1,470,235
1bc11f92-92a8-11ee-8750-0242ac1c000c,Welsh onion,Allium fistulosum,Welsh_onion,Herbs and Spices,Herbs,Type 1,472,241
1bc143aa-92a8-11ee-8750-0242ac1c000c,Hard wheat,Triticum durum,Hard_wheat,Cereals and cereal products,Cereals,Type 1,473,242
1bc166a0-92a8-11ee-8750-0242ac1c000c,Triticale,X Triticosecale rimpaui,Triticale,Cereals and cereal products,Cereals,Type 1,474,246
1bc1898c-92a8-11ee-8750-0242ac1c000c,Komatsuna,Brassica rapa var. perviridis,Komatsuna,Vegetables,Cabbages,Type 1,475,251
1bc1ae9e-92a8-11ee-8750-0242ac1c000c,Pak choy,Brassica rapa var. chinensis,Pak_choy,Vegetables,Cabbages,Type 1,476,252
1bc1d2a2-92a8-11ee-8750-0242ac1c000c,Jostaberry,Ribes × nidigrolaria,Jostaberry,Fruits,Berries,Type 1,477,257
1bc1f5d4-92a8-11ee-8750-0242ac1c000c,Kai-lan,Brassica oleracea var. alboglabra,Kai-lan,Vegetables,Cabbages,Type 1,478,258
1bc2192e-92a8-11ee-8750-0242ac1c000c,Pineappple sage,Salvia elegans,Salvia_elegans,Herbs and Spices,Herbs,Type 1,480,266
1bc23cec-92a8-11ee-8750-0242ac1c000c,Skunk currant,Ribes glandulosum,Ribes glandulosum,Fruits,Berries,Type 1,481,267
1bc26118-92a8-11ee-8750-0242ac1c000c,Breakfast cereal,,Breakfast cereal,Cereals and cereal products,Cereal products,Type 2,482,270
1bc285d0-92a8-11ee-8750-0242ac1c000c,Pasta,,Pasta,Cereals and cereal products,Cereal products,Type 2,484,274
1bc2a902-92a8-11ee-8750-0242ac1c000c,Biscuit,,Biscuit,Cereals and cereal products,Cereal products,Type 2,485,275
1bc2ce46-92a8-11ee-8750-0242ac1c000c,Sourdough,,Sourdough,Cereals and cereal products,Doughs,Type 2,486,276
1bc2f768-92a8-11ee-8750-0242ac1c000c,Spirit,,Spirit,Beverages,Distilled beverages,Type 2,487,277
1bc31b3a-92a8-11ee-8750-0242ac1c000c,Abalone,Haliotis,Abalone,Aquatic foods,Mollusks,Type 1,489,280
1bc33f20-92a8-11ee-8750-0242ac1c000c,Abiyuch,Crateva religiosa,Crateva religiosa,Fruits,Tropical fruits,Type 1,490,281
1bc36158-92a8-11ee-8750-0242ac1c000c,Acerola,Malpighia emarginata,Malpighia emarginata,Fruits,Tropical fruits,Type 1,491,282
1bc3858e-92a8-11ee-8750-0242ac1c000c,Acorn,Quercus,Acorn,Nuts,Nuts,Type 1,492,283
1bc3aa28-92a8-11ee-8750-0242ac1c000c,Winter squash,Cucurbita maxima,Winter squash,Gourds,Gourds,Type 1,493,284
1bc3cec2-92a8-11ee-8750-0242ac1c000c,Agar,Eucheuma,Agar,Aquatic foods,Seaweed,Type 1,494,285
1bc3f15e-92a8-11ee-8750-0242ac1c000c,Red king crab,Paralithodes camtschaticus,Paralithodes camtschaticus,Aquatic foods,Crustaceans,Type 1,495,286
1bc414f4-92a8-11ee-8750-0242ac1c000c,Alfalfa,Medicago sativa,Alfalfa,Herbs and Spices,Herbs,Type 1,496,287
1bc43876-92a8-11ee-8750-0242ac1c000c,Amaranth,Amaranthus,Amaranth,Herbs and Spices,Herbs,Type 1,497,289
1bc45cb6-92a8-11ee-8750-0242ac1c000c,Arrowhead,Sagittaria latifolia,Sagittaria_latifolia,Vegetables,Tubers,Type 1,498,290
1bc48056-92a8-11ee-8750-0242ac1c000c,Arrowroot,Maranta arundinacea,Maranta_arundinacea,Vegetables,Tubers,Type 1,499,291
1bc4a450-92a8-11ee-8750-0242ac1c000c,Atlantic herring,Clupea harengus harengus,Atlantic herring,Aquatic foods,Fishes,Type 1,500,293
1bc4c822-92a8-11ee-8750-0242ac1c000c,Atlantic mackerel,Scomber scombrus,Atlantic mackerel,Aquatic foods,Fishes,Type 1,501,294
1bc4ebea-92a8-11ee-8750-0242ac1c000c,Painted comber,Serranus scriba,Painted comber,Aquatic foods,Fishes,Type 1,502,295
1bc50e04-92a8-11ee-8750-0242ac1c000c,Atlantic pollock,Pollachius pollachius,Pollachius pollachius,Aquatic foods,Fishes,Type 1,503,296
1bc531a4-92a8-11ee-8750-0242ac1c000c,Atlantic wolffish,Anarhichas lupus,Atlantic wolffish,Aquatic foods,Fishes,Type 1,504,297
1bc555a8-92a8-11ee-8750-0242ac1c000c,Bamboo shoots,Phyllostachys edulis,Bamboo_shoots,Vegetables,Shoot vegetables,Type 1,505,298
1bc577fe-92a8-11ee-8750-0242ac1c000c,Striped bass,Morone saxatilis,Striped bass,Aquatic foods,Fishes,Type 1,506,299
1bc59ba8-92a8-11ee-8750-0242ac1c000c,Beer,,Beer,Beverages,Fermented beverages,Type 2,507,268
1bc5bebc-92a8-11ee-8750-0242ac1c000c,Beech nut,Fagus,Beech,Nuts,Nuts,Type 1,508,301
1bc5e3c4-92a8-11ee-8750-0242ac1c000c,Beluga whale,Delphinapterus leucas,Beluga_whale,Aquatic foods,Cetaceans,Type 1,509,302
1bc6071e-92a8-11ee-8750-0242ac1c000c,Bison,Bison bison,Bison,Animal foods,Bovines,Type 1,510,303
1bc62a1e-92a8-11ee-8750-0242ac1c000c,Alaska blackfish,Dallia pectoralis,Alaska blackfish,Aquatic foods,Fishes,Type 1,512,305
1bc64c7e-92a8-11ee-8750-0242ac1c000c,Northern bluefin tuna,Thunnus thynnus,Atlantic bluefin tuna,Aquatic foods,Fishes,Type 1,513,308
1bc66e02-92a8-11ee-8750-0242ac1c000c,Bluefish,Pomatomus saltatrix,Bluefish,Aquatic foods,Fishes,Type 1,514,309
1bc6918e-92a8-11ee-8750-0242ac1c000c,Wild boar,Sus scrofa,Wild boar,Animal foods,Swine,Type 1,515,310
1bc6b524-92a8-11ee-8750-0242ac1c000c,Bowhead whale,Balaena mysticetus,Bowhead whale,Aquatic foods,Cetaceans,Type 1,516,311
1bc6d82e-92a8-11ee-8750-0242ac1c000c,Breadfruit,Artocarpus altilis,Breadfruit,Fruits,Tropical fruits,Type 1,517,312
1bc6fc1e-92a8-11ee-8750-0242ac1c000c,Rapini,Brassica ruvo,Rapini,Vegetables,Cabbages,Type 1,519,314
1bc71f00-92a8-11ee-8750-0242ac1c000c,Buffalo,Bubalus bubalis,Bubalus_bubalis,Animal foods,Bovines,Type 1,521,316
1bc7430e-92a8-11ee-8750-0242ac1c000c,Burbot,Lota lota,Burbot,Aquatic foods,Fishes,Type 1,522,317
1bc766d6-92a8-11ee-8750-0242ac1c000c,Giant butterbur,Petasites japonicus,Petasites japonicus,Vegetables,Other vegetables,Type 1,523,318
1bc789cc-92a8-11ee-8750-0242ac1c000c,American butterfish,Peprilus triacanthus,American butterfish,Aquatic foods,Fishes,Type 1,524,319
1bc7ac4a-92a8-11ee-8750-0242ac1c000c,Butternut,Juglans cinerea,Juglans_cinerea,Nuts,Nuts,Type 1,525,320
1bc7cde2-92a8-11ee-8750-0242ac1c000c,Butternut squash,Cucurbita moschata,Butternut squash,Gourds,Gourds,Type 1,526,321
1bc7f16e-92a8-11ee-8750-0242ac1c000c,Cardoon,Cynara cardunculus,Cardoon,Vegetables,Shoot vegetables,Type 1,527,323
1bc815ae-92a8-11ee-8750-0242ac1c000c,Natal plum,Carissa macrocarpa,Carissa macrocarpa,Fruits,Tropical fruits,Type 1,529,325
1bc83908-92a8-11ee-8750-0242ac1c000c,Carob,Ceratonia siliqua,Carob,Vegetables,Other vegetables,Type 1,530,326
1bc85ba4-92a8-11ee-8750-0242ac1c000c,Common carp,Cyprinus carpio,Common carp,Aquatic foods,Fishes,Type 1,531,327
1bc87efe-92a8-11ee-8750-0242ac1c000c,Channel catfish,Ictalurus punctatus,Channel_catfish,Aquatic foods,Fishes,Type 1,532,329
1bc8a366-92a8-11ee-8750-0242ac1c000c,Chia,Salvia hispanica,Salvia_hispanica,Herbs and Spices,Other seeds,Type 1,533,333
1bc8c6ca-92a8-11ee-8750-0242ac1c000c,Chinese chestnut,Castanea mollissima,Chinese_chestnut,Nuts,Nuts,Type 1,534,336
1bc8e984-92a8-11ee-8750-0242ac1c000c,Garland chrysanthemum,Chrysanthemum coronarium,Garland chrysanthemum,Vegetables,Leaf vegetables,Type 1,535,338
1bc90c98-92a8-11ee-8750-0242ac1c000c,Cisco,Coregonus artedi,Coregonus_artedi,Aquatic foods,Fishes,Type 1,536,339
1bc9307e-92a8-11ee-8750-0242ac1c000c,Nuttall cockle,Clinocardium nuttallii,Clinocardium nuttallii,Aquatic foods,Mollusks,Type 1,537,340
1bc9545a-92a8-11ee-8750-0242ac1c000c,Common octopus,Octopus vulgaris,Common octopus,Aquatic foods,Mollusks,Type 1,538,344
1bc97868-92a8-11ee-8750-0242ac1c000c,Corn salad,Valerianella locusta,Valerianella locusta,Vegetables,Leaf vegetables,Type 1,539,345
1bc99c4e-92a8-11ee-8750-0242ac1c000c,Cottonseed,Gossypium,Cottonseed,Herbs and Spices,Oilseed crops,Type 1,540,346
1bc9c07a-92a8-11ee-8750-0242ac1c000c,Catjang pea,Vigna unguiculata ssp. cylindrica,Vigna_unguiculata_subsp._cylindrica,Pulses,Peas,Type 1,541,347
1bc9e37a-92a8-11ee-8750-0242ac1c000c,Squashberry,Viburnum edule,Squashberry,Fruits,Berries,Type 1,542,349
1bca0634-92a8-11ee-8750-0242ac1c000c,Atlantic croaker,Micropogonias undulatus,Atlantic croaker,Aquatic foods,Fishes,Type 1,543,350
1bca2a06-92a8-11ee-8750-0242ac1c000c,Cusk,Brosme brosme,Cusk (fish),Aquatic foods,Fishes,Type 1,544,351
1bca53b4-92a8-11ee-8750-0242ac1c000c,Cuttlefish,Sepiidae,Cuttlefish,Aquatic foods,Mollusks,Type 1,545,352
1bca77a4-92a8-11ee-8750-0242ac1c000c,Mule deer,Odocoileus,Mule deer,Animal foods,Venison,Type 1,546,353
1bca9b1c-92a8-11ee-8750-0242ac1c000c,Devilfish,Myoxocephalus,,Aquatic foods,Fishes,Type 1,547,354
1bcabf48-92a8-11ee-8750-0242ac1c000c,Dock,Rumex,Rumex,Herbs and Spices,Herbs,Type 1,548,355
1bcae720-92a8-11ee-8750-0242ac1c000c,Dolphin fish,Coryphaena hippurus,Dolphin_fish,Aquatic foods,Fishes,Type 1,549,356
1bcb0d86-92a8-11ee-8750-0242ac1c000c,Freshwater drum,Aplodinotus grunniens,Freshwater_drum,Aquatic foods,Fishes,Type 1,550,357
1bcb33c4-92a8-11ee-8750-0242ac1c000c,Freshwater eel,Anguilla,Freshwater_eel,Aquatic foods,Fishes,Type 1,552,362
1bcb5aac-92a8-11ee-8750-0242ac1c000c,Elk,Cervus canadensis,Elk,Animal foods,Venison,Type 1,553,364
1bcb80c2-92a8-11ee-8750-0242ac1c000c,Emu,Dromaius novaehollandiae,Emu,Animal foods,Poultry,Type 1,554,365
1bcba5c0-92a8-11ee-8750-0242ac1c000c,Oregon yampah,Perideridia oregana,Perideridia oregana,Vegetables,Root vegetables,Type 1,555,366
1bcbcc4e-92a8-11ee-8750-0242ac1c000c,European anchovy,Engraulis encrasicolus,European anchovy,Aquatic foods,Fishes,Type 1,556,367
1bcbf304-92a8-11ee-8750-0242ac1c000c,European chestnut,Castanea sativa,Castanea sativa,Nuts,Nuts,Type 1,557,368
1bcc1a00-92a8-11ee-8750-0242ac1c000c,Turbot,Scophthalmus maximus,Turbot,Aquatic foods,Fishes,Type 1,558,369
1bcc4020-92a8-11ee-8750-0242ac1c000c,Fireweed,Chamerion angustifolium,Chamerion angustifolium,Herbs and Spices,Herbs,Type 1,559,370
1bcc665e-92a8-11ee-8750-0242ac1c000c,Florida pompano,Trachinotus carolinus,Florida pompano,Aquatic foods,Fishes,Type 1,560,371
1bcc8bfc-92a8-11ee-8750-0242ac1c000c,Ginkgo nuts,Ginkgo biloba,Ginkgo biloba,Herbs and Spices,Other seeds,Type 1,561,372
1bccb028-92a8-11ee-8750-0242ac1c000c,Greylag goose,Anser anser,Greylag_goose,Animal foods,Poultry,Type 1,562,373
1bccd620-92a8-11ee-8750-0242ac1c000c,Groundcherry,Physalis,Groundcherry,Vegetables,Fruit vegetables,Type 1,564,376
1bccfc18-92a8-11ee-8750-0242ac1c000c,Grouper,Epinephelus,Grouper,Aquatic foods,Fishes,Type 1,565,377
1bcd233c-92a8-11ee-8750-0242ac1c000c,Haddock,Melanogrammus aeglefinus,Haddock,Aquatic foods,Fishes,Type 1,566,379
1bcd4a10-92a8-11ee-8750-0242ac1c000c,Horse,Equus caballus,Horse,Animal foods,Equines,Type 1,568,383
1bcd712a-92a8-11ee-8750-0242ac1c000c,Hyacinth bean,Lablab purpureus,Lablab purpureus,Pulses,Beans,Type 1,569,386
1bcd9812-92a8-11ee-8750-0242ac1c000c,Irish moss,Chondrus crispus,Chondrus_crispus,Aquatic foods,Seaweed,Type 1,570,387
1bcdbefa-92a8-11ee-8750-0242ac1c000c,Pacific jack mackerel,Trachurus symmetricus,Pacific jack mackerel,Aquatic foods,Fishes,Type 1,571,388
1bcde5ba-92a8-11ee-8750-0242ac1c000c,Japanese chestnut,Castanea crenata,Japanese Chestnut,Nuts,Nuts,Type 1,572,390
1bce0d42-92a8-11ee-8750-0242ac1c000c,Jerusalem artichoke,Helianthus tuberosus,Jerusalem artichoke,Vegetables,Tubers,Type 1,573,392
1bce33f8-92a8-11ee-8750-0242ac1c000c,Jujube,Ziziphus zizyphus,Jujube,Fruits,Other fruits,Type 1,574,393
1bce5b80-92a8-11ee-8750-0242ac1c000c,Jute,Corchorus olitorius,Jute,Vegetables,Leaf vegetables,Type 1,575,394
1bce8290-92a8-11ee-8750-0242ac1c000c,Kale,Brassica napus var. pabularia,Kale,Vegetables,Cabbages,Type 1,576,395
1bcea9aa-92a8-11ee-8750-0242ac1c000c,King mackerel,Scomberomorus cavalla,King_mackerel,Aquatic foods,Fishes,Type 1,577,397
1bced1dc-92a8-11ee-8750-0242ac1c000c,Lambsquarters,Chenopodium album,Chenopodium album,Vegetables,Leaf vegetables,Type 1,578,399
1bcef8ba-92a8-11ee-8750-0242ac1c000c,Leather chiton,Katharina tunicata,Katharina tunicata,Aquatic foods,Mollusks,Type 1,579,400
1bcf1ed0-92a8-11ee-8750-0242ac1c000c,Common ling,Molva molva,Common ling,Aquatic foods,Fishes,Type 1,580,402
1bcf4608-92a8-11ee-8750-0242ac1c000c,Lingcod,Ophiodon elongatus,Lingcod,Aquatic foods,Fishes,Type 1,581,403
1bcf6c8c-92a8-11ee-8750-0242ac1c000c,White lupine,Lupinus albus,White_lupine,Pulses,Other pulses,Type 1,582,408
1bcf939c-92a8-11ee-8750-0242ac1c000c,Malabar spinach,Basella alba,Basella alba,Vegetables,Leaf vegetables,Type 1,583,409
1bcfb994-92a8-11ee-8750-0242ac1c000c,Mammee apple,Mammea americana,Mammea_americana,Fruits,Tropical fruits,Type 1,584,410
1bcfe0d6-92a8-11ee-8750-0242ac1c000c,Purple mangosteen,Garcinia mangostana,Purple_mangosteen,Fruits,Tropical fruits,Type 1,585,411
1bd006e2-92a8-11ee-8750-0242ac1c000c,Alpine sweetvetch,Hedysarum alpinum,Hedysarum alpinum,Vegetables,Root vegetables,Type 1,586,412
1bd02dc0-92a8-11ee-8750-0242ac1c000c,Milkfish,Chanos chanos,Milkfish,Aquatic foods,Fishes,Type 1,587,413
1bd053c2-92a8-11ee-8750-0242ac1c000c,Monkfish,Lophius piscatorius,Monkfish,Aquatic foods,Fishes,Type 1,588,414
1bd07b36-92a8-11ee-8750-0242ac1c000c,Moth bean,Vigna aconitifolia,Moth bean,Pulses,Beans,Type 1,590,416
1bd0a1ba-92a8-11ee-8750-0242ac1c000c,Mountain yam,Dioscorea pentaphylla,Dioscorea pentaphylla,Vegetables,Tubers,Type 1,591,417
1bd0c7f8-92a8-11ee-8750-0242ac1c000c,Striped mullet,Mugil cephalus,Flathead mullet,Aquatic foods,Fishes,Type 1,592,418
1bd0ee04-92a8-11ee-8750-0242ac1c000c,New Zealand spinach,Tetragonia tetragonioides,Tetragonia tetragonioides,Vegetables,Leaf vegetables,Type 1,594,422
1bd1135c-92a8-11ee-8750-0242ac1c000c,Nopal,Opuntia cochenillifera,Nopal,Vegetables,Other vegetables,Type 1,595,423
1bd138e6-92a8-11ee-8750-0242ac1c000c,Ocean pout,Zoarces americanus,Ocean pout,Aquatic foods,Fishes,Type 1,596,424
1bd15fba-92a8-11ee-8750-0242ac1c000c,North Pacific giant octopus,Enteroctopus dofleini,Enteroctopus dofleini,Aquatic foods,Mollusks,Type 1,597,425
1bd186ac-92a8-11ee-8750-0242ac1c000c,Ohelo berry,Vaccinium reticulatum,Vaccinium reticulatum,Fruits,Berries,Type 1,598,426
1bd1ad76-92a8-11ee-8750-0242ac1c000c,Ostrich,Struthio camelus,Ostrich,Animal foods,Poultry,Type 1,601,430
1bd1d512-92a8-11ee-8750-0242ac1c000c,Spotted seal,Phoca largha,Spotted_seal,Aquatic foods,Pinnipeds,Type 1,602,431
1bd1fc22-92a8-11ee-8750-0242ac1c000c,Pacific herring,Clupea pallasii,Pacific herring,Aquatic foods,Fishes,Type 1,603,432
1bd2230a-92a8-11ee-8750-0242ac1c000c,Pacific rockfish,Sebastes,Sebastes,Aquatic foods,Fishes,Type 1,604,434
1bd249a2-92a8-11ee-8750-0242ac1c000c,Common persimmon,Diospyros virginiana,Common_Persimmon,Fruits,Tropical fruits,Type 1,606,437
1bd26fae-92a8-11ee-8750-0242ac1c000c,Pheasant,Phasianus colchicus,Pheasant,Animal foods,Poultry,Type 1,607,438
1bd294de-92a8-11ee-8750-0242ac1c000c,Northern pike,Esox lucius,Northern_pike,Aquatic foods,Fishes,Type 1,608,439
1bd2ba68-92a8-11ee-8750-0242ac1c000c,Pili nut,Canarium ovatum,Pili_nut,Nuts,Nuts,Type 1,609,440
1bd2e196-92a8-11ee-8750-0242ac1c000c,Colorado pinyon,Pinus edulis,Colorado_Pinyon,Nuts,Nuts,Type 1,610,441
1bd30810-92a8-11ee-8750-0242ac1c000c,Pitanga,Eugenia uniflora,Eugenia_uniflora,Fruits,Tropical fruits,Type 1,611,442
1bd32f7a-92a8-11ee-8750-0242ac1c000c,French plantain,Musa X paradisiaca,Musa × paradisiaca,Fruits,Tropical fruits,Type 1,612,444
1bd35784-92a8-11ee-8750-0242ac1c000c,American pokeweed,Phytolacca americana,Phytolacca americana,Vegetables,Shoot vegetables,Type 1,613,445
1bd37d90-92a8-11ee-8750-0242ac1c000c,Prairie turnip,Pediomelum esculentum,Psoralea esculenta,Vegetables,Root vegetables,Type 1,615,448
1bd3a3ec-92a8-11ee-8750-0242ac1c000c,Quinoa,Chenopodium quinoa,Quinoa,Herbs and Spices,Other seeds,Type 1,616,450
1bd3ca66-92a8-11ee-8750-0242ac1c000c,European rabbit,Oryctolagus,European_rabbit,Animal foods,Lagomorphs,Type 1,617,451
1bd3f072-92a8-11ee-8750-0242ac1c000c,Rainbow smelt,Osmerus mordax,Rainbow smelt,Aquatic foods,Fishes,Type 1,619,453
1bd4169c-92a8-11ee-8750-0242ac1c000c,Rainbow trout,Oncorhynchus mykiss,Rainbow trout,Aquatic foods,Fishes,Type 1,620,454
1bd43e4c-92a8-11ee-8750-0242ac1c000c,Malabar plum,Syzygium jambos,Malabar_plum,Fruits,Tropical fruits,Type 1,621,455
1bd464c6-92a8-11ee-8750-0242ac1c000c,Rose hip,Rosa,Rose hip,Herbs and Spices,Herbs,Type 1,622,456
1bd48b4a-92a8-11ee-8750-0242ac1c000c,Roselle,Hibiscus sabdariffa,Roselle_(plant),Herbs and Spices,Herbs,Type 1,623,457
1bd4b23c-92a8-11ee-8750-0242ac1c000c,Orange roughy,Hoplostethus atlanticus,Orange roughy,Aquatic foods,Fishes,Type 1,624,458
1bd4da14-92a8-11ee-8750-0242ac1c000c,Sablefish,Anoplopoma fimbria,Sablefish,Aquatic foods,Fishes,Type 1,625,459
1bd500c0-92a8-11ee-8750-0242ac1c000c,Pink salmon,Oncorhynchus gorbuscha,Pink_salmon,Aquatic foods,Fishes,Type 1,626,460
1bd52780-92a8-11ee-8750-0242ac1c000c,Chum salmon,Oncorhynchus keta,Chum_salmon,Aquatic foods,Fishes,Type 1,627,461
1bd55264-92a8-11ee-8750-0242ac1c000c,Coho salmon,Oncorhynchus kisutch,Coho_salmon,Aquatic foods,Fishes,Type 1,628,462
1bd578c0-92a8-11ee-8750-0242ac1c000c,Sockeye salmon,Oncorhynchus nerka,Sockeye_salmon,Aquatic foods,Fishes,Type 1,629,463
1bd5a00c-92a8-11ee-8750-0242ac1c000c,Chinook salmon,Oncorhynchus tshawytscha,Chinook salmon,Aquatic foods,Fishes,Type 1,630,464
1bd5c60e-92a8-11ee-8750-0242ac1c000c,Atlantic salmon,Salmo salar,Atlantic salmon,Aquatic foods,Fishes,Type 1,631,465
1bd5ecce-92a8-11ee-8750-0242ac1c000c,Salmonberry,Rubus spectabilis,Salmonberry,Fruits,Berries,Type 1,632,466
1bd61280-92a8-11ee-8750-0242ac1c000c,Common salsify,Tragopogon porrifolius,Tragopogon porrifolius,Vegetables,Root vegetables,Type 1,633,467
1bd638d2-92a8-11ee-8750-0242ac1c000c,Spanish mackerel,Scomberomorus maculatus,Spanish mackerel,Aquatic foods,Fishes,Type 1,634,470
1bd65f56-92a8-11ee-8750-0242ac1c000c,Pacific sardine,Sardinops sagax,Pacific_sardine,Aquatic foods,Fishes,Type 1,635,471
1bd685f8-92a8-11ee-8750-0242ac1c000c,Scup,Stenotomus chrysops,Scup,Aquatic foods,Fishes,Type 1,636,473
1bd6ac68-92a8-11ee-8750-0242ac1c000c,Sea cucumber,Parastichopus californicus,Sea cucumber,Aquatic foods,Other aquatic foods,Type 1,637,474
1bd6d378-92a8-11ee-8750-0242ac1c000c,Steller sea lion,Eumetopias jubatus,Steller sea lion,Aquatic foods,Pinnipeds,Type 1,638,475
1bd6f9f2-92a8-11ee-8750-0242ac1c000c,Bearded seal,Erignathus barbatus,Bearded_seal,Aquatic foods,Pinnipeds,Type 1,639,476
1bd72102-92a8-11ee-8750-0242ac1c000c,Ringed seal,Pusa hispida,Ringed seal,Aquatic foods,Pinnipeds,Type 1,640,477
1bd7474a-92a8-11ee-8750-0242ac1c000c,Sea trout,Salmo trutta forma trutta,,Aquatic foods,Fishes,Type 1,641,478
1bd76fb8-92a8-11ee-8750-0242ac1c000c,Sesbania flower,Sesbania bispinosa,Sesbania_bispinosa,Vegetables,Other vegetables,Type 1,642,479
1bd795ce-92a8-11ee-8750-0242ac1c000c,American shad,Alosa sapidissima,American shad,Aquatic foods,Fishes,Type 1,643,480
1bd7bd88-92a8-11ee-8750-0242ac1c000c,Shark,Squaliformes,Shark,Aquatic foods,Fishes,Type 1,644,481
1bd7e93e-92a8-11ee-8750-0242ac1c000c,Sheefish,Stenodus leucichthys,Stenodus leucichthys,Aquatic foods,Fishes,Type 1,645,482
1bd810c6-92a8-11ee-8750-0242ac1c000c,Sheepshead,Archosargus probatocephalus,Archosargus_probatocephalus,Aquatic foods,Fishes,Type 1,646,484
1bd83808-92a8-11ee-8750-0242ac1c000c,Hedge mustard,Sisymbrium,Hedge_mustard,Herbs and Spices,Other seeds,Type 1,647,485
1bd85e6e-92a8-11ee-8750-0242ac1c000c,Snapper,Lutjanidae,Lutjanidae,Aquatic foods,Fishes,Type 1,648,487
1bd88484-92a8-11ee-8750-0242ac1c000c,Spelt,Triticum spelta,Spelt,Cereals and cereal products,Cereals,Type 1,649,489
1bd8aa72-92a8-11ee-8750-0242ac1c000c,Spirulina,Spirulina,,Aquatic foods,Seaweed,Type 1,650,490
1bd8d07e-92a8-11ee-8750-0242ac1c000c,Squab,Columba,Squab_(food),Animal foods,Poultry,Type 1,651,491
1bd8f7a2-92a8-11ee-8750-0242ac1c000c,Greater sturgeon,Acipenser,,Aquatic foods,Fishes,Type 1,653,494
1bd9202e-92a8-11ee-8750-0242ac1c000c,White sucker,Catostomus commersonii,White_sucker,Aquatic foods,Fishes,Type 1,654,495
1bd94680-92a8-11ee-8750-0242ac1c000c,Pumpkinseed sunfish,Lepomis gibbosus,Pumpkinseed,Aquatic foods,Fishes,Type 1,655,497
1bd96cf0-92a8-11ee-8750-0242ac1c000c,Swordfish,Xiphias gladius,Swordfish,Aquatic foods,Fishes,Type 1,656,498
1bd99432-92a8-11ee-8750-0242ac1c000c,Taro,Colocasia esculenta,Taro,Vegetables,Root vegetables,Type 1,657,499
1bd9bac0-92a8-11ee-8750-0242ac1c000c,Teff,Eragrostis tef,Teff,Herbs and Spices,Herbs,Type 1,658,500
1bd9e180-92a8-11ee-8750-0242ac1c000c,Tilefish,Lopholatilus chamaeleonticeps,Lopholatilus_chamaeleonticeps,Aquatic foods,Fishes,Type 1,659,501
1bda0854-92a8-11ee-8750-0242ac1c000c,Mexican groundcherry,Physalis philadelphica var. immaculata,Mexican_Groundcherry,Vegetables,Fruit vegetables,Type 1,660,502
1bda2fe6-92a8-11ee-8750-0242ac1c000c,Towel gourd,Luffa aegyptiaca,Luffa,Gourds,Gourds,Type 1,661,503
1bda569c-92a8-11ee-8750-0242ac1c000c,Walleye,Sander vitreus,Walleye,Aquatic foods,Fishes,Type 1,663,507
1bda7cb2-92a8-11ee-8750-0242ac1c000c,Alaska pollock,Theragra chalcogramma,Alaska pollock,Aquatic foods,Fishes,Type 1,664,508
1bdaa2a0-92a8-11ee-8750-0242ac1c000c,Whelk,Buccinidae,Whelk,Aquatic foods,Mollusks,Type 1,665,511
1bdac9c4-92a8-11ee-8750-0242ac1c000c,Broad whitefish,Coregonus nasus,Broad whitefish,Aquatic foods,Fishes,Type 1,667,513
1bdaf0a2-92a8-11ee-8750-0242ac1c000c,Whitefish,Coregonus,Coregonus,Aquatic foods,Fishes,Type 1,668,514
1bdb18b6-92a8-11ee-8750-0242ac1c000c,Whiting,Merlangius merlangus,Merlangius_merlangus,Aquatic foods,Fishes,Type 1,669,515
1bdb3e90-92a8-11ee-8750-0242ac1c000c,Wild rice,Zizania,Wild_rice,Cereals and cereal products,Cereals,Type 1,670,516
1bdb6686-92a8-11ee-8750-0242ac1c000c,Tea leaf willow,Salix pulchra,Salix pulchra,Herbs and Spices,Herbs,Type 1,671,517
1bdb8ce2-92a8-11ee-8750-0242ac1c000c,Winged bean,Psophocarpus tetragonolobus,Winged bean,Pulses,Beans,Type 1,672,518
1bdbb46a-92a8-11ee-8750-0242ac1c000c,Yam,Dioscorea,Yam_(vegetable),Vegetables,Tubers,Type 1,673,519
1bdbdb70-92a8-11ee-8750-0242ac1c000c,Jicama,Pachyrhizus erosus,Jicama,Vegetables,Root vegetables,Type 1,674,520
1bdc01fe-92a8-11ee-8750-0242ac1c000c,Yautia,Xanthosoma sagittifolium,Xanthosoma sagittifolium,Vegetables,Leaf vegetables,Type 1,675,521
1bdc28a0-92a8-11ee-8750-0242ac1c000c,Yellowfin tuna,Thunnus albacares,Yellowfin_tuna,Aquatic foods,Fishes,Type 1,676,522
1bdc4ede-92a8-11ee-8750-0242ac1c000c,Yellowtail amberjack,Seriola lalandi,Yellowtail amberjack,Aquatic foods,Fishes,Type 1,677,523
1bdc75c6-92a8-11ee-8750-0242ac1c000c,Pollock,Pollachius,Pollock,Aquatic foods,Fishes,Type 1,678,524
1bdc9c18-92a8-11ee-8750-0242ac1c000c,Albacore tuna,Thunnus alalunga,Albacore_tuna,Aquatic foods,Fishes,Type 1,679,525
1bdcc2e2-92a8-11ee-8750-0242ac1c000c,Atlantic halibut,Hippoglossus hippoglossus,Atlantic halibut,Aquatic foods,Fishes,Type 1,680,527
1bdce95c-92a8-11ee-8750-0242ac1c000c,Smelt,Osmeridae,Osmeridae,Aquatic foods,Fishes,Type 1,682,530
1bdd0fa4-92a8-11ee-8750-0242ac1c000c,Spiny lobster,Palinuridae,Spiny lobster,Aquatic foods,Crustaceans,Type 1,684,532
1bdd3736-92a8-11ee-8750-0242ac1c000c,Black-eyed pea,Vigna unguiculata ssp. unguiculata,Black-eyed pea,Pulses,Peas,Type 1,685,534
1bdd5d9c-92a8-11ee-8750-0242ac1c000c,Deer,Cervidae,Deer,Animal foods,Venison,Type 1,686,535
1bdd8498-92a8-11ee-8750-0242ac1c000c,Perciformes,Perciformes,Perciformes,Aquatic foods,Fishes,Type 1,688,538
1bddaa72-92a8-11ee-8750-0242ac1c000c,Rabbit,Leporidae,Rabbit,Animal foods,Lagomorphs,Type 1,690,540
1bddd092-92a8-11ee-8750-0242ac1c000c,Beefalo,Bos taurus X Bison bison,Beefalo,Animal foods,Bovines,Type 1,691,542
1bddf5e0-92a8-11ee-8750-0242ac1c000c,Flatfish,Pleuronectiformes,Flatfish,Aquatic foods,Fishes,Type 1,694,548
1bde1c5a-92a8-11ee-8750-0242ac1c000c,Walrus,Odobenus rosmarus,Walrus,Aquatic foods,Pinnipeds,Type 1,695,550
1bde4540-92a8-11ee-8750-0242ac1c000c,Alaska wild rhubarb,Polygonum alpinum,,Vegetables,Stalk vegetables,Type 1,696,551
1bde6e76-92a8-11ee-8750-0242ac1c000c,Oriental wheat,Triticum turanicum,Khorasan_wheat,Cereals and cereal products,Cereals,Type 1,697,552
1bde9482-92a8-11ee-8750-0242ac1c000c,Yardlong bean,Vigna unguiculata ssp. sesquipedalis,Vigna unguiculata subsp. sesquipedalis,Pulses,Peas,Type 1,698,553
1bdebaca-92a8-11ee-8750-0242ac1c000c,Quail,Phasianidae,Quail,Animal foods,Poultry,Type 1,700,555
1bdee02c-92a8-11ee-8750-0242ac1c000c,Boysenberry,Rubus ursinus X idaeus,Boysenberry,Fruits,Berries,Type 1,701,556
1bdf05d4-92a8-11ee-8750-0242ac1c000c,Rowal,Pangium edule,Rowal,Herbs and Spices,Other seeds,Type 1,702,559
1bdf2bf4-92a8-11ee-8750-0242ac1c000c,Jew's ear,Auricularia auricula-judae,Jew%27s_ear,Vegetables,Mushrooms,Type 1,703,560
1bdf5246-92a8-11ee-8750-0242ac1c000c,Shiitake,Lentinus edodes,Shiitake,Vegetables,Mushrooms,Type 1,704,562
1bdf787a-92a8-11ee-8750-0242ac1c000c,Purple laver,Porphyra laciniata,Porphyra,Aquatic foods,Seaweed,Type 1,705,563
1bdf9e2c-92a8-11ee-8750-0242ac1c000c,Wakame,Undaria pinnatifida,Wakame,Aquatic foods,Seaweed,Type 1,706,564
1bdfc410-92a8-11ee-8750-0242ac1c000c,Enokitake,Flammulina velutipes,Enokitake,Vegetables,Mushrooms,Type 1,707,565
1bdfe968-92a8-11ee-8750-0242ac1c000c,Epazote,Dysphania ambrosioides,Epazote,Herbs and Spices,Herbs,Type 1,708,566
1be00fe2-92a8-11ee-8750-0242ac1c000c,Oyster mushroom,Pleurotus ostreatus,Oyster_mushroom,Vegetables,Mushrooms,Type 1,709,567
1be03616-92a8-11ee-8750-0242ac1c000c,Cloud ear fungus,Auricularia polytricha,Cloud_ear_fungus,Vegetables,Mushrooms,Type 1,710,568
1be05d4e-92a8-11ee-8750-0242ac1c000c,Maitake,Grifola frondosa,Maitake,Vegetables,Mushrooms,Type 1,711,569
1be0845e-92a8-11ee-8750-0242ac1c000c,Ostrich fern,Matteuccia struthiopteris,Ostrich_fern,Vegetables,Leaf vegetables,Type 1,712,570
1be0aaf6-92a8-11ee-8750-0242ac1c000c,Spot croaker,Leiostomus xanthurus,Spot croaker,Aquatic foods,Fishes,Type 1,713,571
1be0d22e-92a8-11ee-8750-0242ac1c000c,Sourdock,Rumex articus,Rumex_arcticus,Herbs and Spices,Herbs,Type 1,714,572
1be0f9ac-92a8-11ee-8750-0242ac1c000c,Tinda,Citrullus lanatus var. fistulosus,Tinda,Gourds,Gourds,Type 1,715,573
1be121de-92a8-11ee-8750-0242ac1c000c,Atlantic menhaden,Brevoortia tyrannus,Atlantic menhaden,Aquatic foods,Fishes,Type 1,716,574
1be14858-92a8-11ee-8750-0242ac1c000c,Agave,Agave,Agave,Vegetables,Other vegetables,Type 1,717,577
1be170a8-92a8-11ee-8750-0242ac1c000c,Narrowleaf cattail,Typha angustifolia,Narrowleaf_cattail,Vegetables,Other vegetables,Type 1,718,578
1be1975e-92a8-11ee-8750-0242ac1c000c,Jellyfish,Scyphozoa,Jellyfish,Aquatic foods,Other aquatic foods,Type 1,719,579
1be1bd74-92a8-11ee-8750-0242ac1c000c,Anchovy,Engraulidae,Anchovy,Aquatic foods,Fishes,Type 1,720,580
1be1e556-92a8-11ee-8750-0242ac1c000c,Blue whiting,Micromesistius poutassou,Blue whiting,Aquatic foods,Fishes,Type 1,721,581
1be21094-92a8-11ee-8750-0242ac1c000c,Carp bream,Abramis brama,Carp_bream,Aquatic foods,Fishes,Type 1,722,582
1be23664-92a8-11ee-8750-0242ac1c000c,Chanterelle,Cantharellus cibarius,Chanterelle,Vegetables,Mushrooms,Type 1,723,583
1be25aae-92a8-11ee-8750-0242ac1c000c,Sturgeon,Acipenseridae,Sturgeon,Aquatic foods,Fishes,Type 1,724,584
1be28088-92a8-11ee-8750-0242ac1c000c,Charr,Salvelinus,Salvelinus,Aquatic foods,Fishes,Type 1,725,585
1be2a68a-92a8-11ee-8750-0242ac1c000c,Common dab,Limanda limanda,Common dab,Aquatic foods,Fishes,Type 1,726,588
1be2cd9a-92a8-11ee-8750-0242ac1c000c,Spiny dogfish,Squalus acanthias,Spiny dogfish,Aquatic foods,Fishes,Type 1,727,589
1be2f428-92a8-11ee-8750-0242ac1c000c,Anatidae,Anatidae,Anatidae,Animal foods,Poultry,Type 1,728,590
1be31b74-92a8-11ee-8750-0242ac1c000c,Anguilliformes,Anguilliformes,Anguilliformes,Aquatic foods,Fishes,Type 1,729,591
1be34194-92a8-11ee-8750-0242ac1c000c,True frog,Ranidae,True frog,Aquatic foods,Amphibians,Type 1,730,592
1be36908-92a8-11ee-8750-0242ac1c000c,Garfish,Belone belone,Garfish,Aquatic foods,Fishes,Type 1,731,593
1be38f32-92a8-11ee-8750-0242ac1c000c,Gadiformes,Gadiformes,Gadiformes,Aquatic foods,Fishes,Type 1,732,594
1be3b598-92a8-11ee-8750-0242ac1c000c,Mountain hare,Lepus timidus,Mountain_hare,Animal foods,Lagomorphs,Type 1,733,595
1be3db7c-92a8-11ee-8750-0242ac1c000c,Lake trout,Salvelinus namaycush,Lake_trout,Aquatic foods,Fishes,Type 1,734,596
1be401ce-92a8-11ee-8750-0242ac1c000c,Lemon sole,Microstomus kitt,Lemon sole,Aquatic foods,Fishes,Type 1,735,597
1be42848-92a8-11ee-8750-0242ac1c000c,Lumpsucker,Cyclopteridae,Lumpsucker,Aquatic foods,Fishes,Type 1,736,599
1be44d32-92a8-11ee-8750-0242ac1c000c,Norway haddock,Sebastes viviparus,Norway_haddock,Aquatic foods,Fishes,Type 1,738,602
1be4729e-92a8-11ee-8750-0242ac1c000c,Norway pout,Trisopterus esmarkii,Trisopterus esmarkii,Aquatic foods,Fishes,Type 1,739,604
1be49968-92a8-11ee-8750-0242ac1c000c,Oil palm,Elaeis,,Herbs and Spices,Oilseed crops,Type 1,740,605
1be4bf6a-92a8-11ee-8750-0242ac1c000c,Sago palm,Metroxylon sagu,Metroxylon_sagu,Herbs and Spices,Oilseed crops,Type 1,741,607
1be4e5a8-92a8-11ee-8750-0242ac1c000c,Persimmon,Diospyros,Persimmon,Fruits,Tropical fruits,Type 1,742,608
1be508c6-92a8-11ee-8750-0242ac1c000c,Pikeperch,Sander lucioperca,Pikeperch,Aquatic foods,Fishes,Type 1,743,609
1be52c48-92a8-11ee-8750-0242ac1c000c,Rock ptarmigan,Lagopus muta,Rock_ptarmigan,Animal foods,Poultry,Type 1,745,611
1be54ffc-92a8-11ee-8750-0242ac1c000c,Pacific ocean perch,Sebastes alutus,Pacific ocean perch,Aquatic foods,Fishes,Type 1,746,612
1be57388-92a8-11ee-8750-0242ac1c000c,Black salsify,Scorzonera hispanica,Scorzonera hispanica,Vegetables,Root vegetables,Type 1,747,613
1be59714-92a8-11ee-8750-0242ac1c000c,True seal,Phocidae,Earless seal,Aquatic foods,Pinnipeds,Type 1,748,614
1be5bafa-92a8-11ee-8750-0242ac1c000c,Red algae,Rhodophyta,Red_algae,Aquatic foods,Seaweed,Type 1,749,615
1be5dcec-92a8-11ee-8750-0242ac1c000c,Kombu,Saccharina japonica,Kombu,Aquatic foods,Seaweed,Type 1,750,616
1be60028-92a8-11ee-8750-0242ac1c000c,Snail,Gastropoda,Snail,Aquatic foods,Mollusks,Type 1,751,617
1be6245e-92a8-11ee-8750-0242ac1c000c,True sole,Soleidae,True_sole,Aquatic foods,Fishes,Type 1,752,618
1be6472c-92a8-11ee-8750-0242ac1c000c,Catfish,Siluriformes,Catfish,Aquatic foods,Fishes,Type 1,753,619
1be66a90-92a8-11ee-8750-0242ac1c000c,Thistle,Cirsium,Thistle,Vegetables,Root vegetables,Type 1,754,620
1be68ed0-92a8-11ee-8750-0242ac1c000c,Conch,Strombidae,Conch,Aquatic foods,Mollusks,Type 1,758,625
1be6b28e-92a8-11ee-8750-0242ac1c000c,Berry wine,,,Beverages,Fermented beverages,Type 2,759,627
1be6d606-92a8-11ee-8750-0242ac1c000c,Vodka,,Vodka,Beverages,Distilled beverages,Type 2,762,639
1be6f938-92a8-11ee-8750-0242ac1c000c,Ice cream,,Ice_cream,Confectioneries,Frozen desserts,Type 2,763,641
1be71c74-92a8-11ee-8750-0242ac1c000c,Vermouth,,Vermouth,Beverages,Fortified wines,Type 2,764,648
1be74104-92a8-11ee-8750-0242ac1c000c,Madeira wine,,Madeira_wine,Beverages,Fortified wines,Type 2,765,650
1be762ec-92a8-11ee-8750-0242ac1c000c,Nougat,,Nougat,Confectioneries,Other confectioneries,Type 2,766,651
1be7863c-92a8-11ee-8750-0242ac1c000c,Toffee,,Toffee,Confectioneries,Other confectioneries,Type 2,767,653
1be7a9be-92a8-11ee-8750-0242ac1c000c,Cake,,Cake,Confectioneries,Desserts,Type 2,768,654
1be7cd0e-92a8-11ee-8750-0242ac1c000c,Pizza,,Pizza,Dishes,Other dishes,Type 2,769,655
1be7f130-92a8-11ee-8750-0242ac1c000c,Ymer,,Ymer_(dairy_product),Milk and milk products,Fermented milk products,Type 2,770,656
1be81426-92a8-11ee-8750-0242ac1c000c,Pastry,,Pastry,Confectioneries,Desserts,Type 2,772,660
1be838fc-92a8-11ee-8750-0242ac1c000c,Dragée,,Dragée,Confectioneries,Candies,Type 2,773,661
1be85dc8-92a8-11ee-8750-0242ac1c000c,Chewing gum,,Chewing_gum,Confectioneries,Candies,Type 2,774,662
1be880aa-92a8-11ee-8750-0242ac1c000c,Marzipan,,Marzipan,Confectioneries,Other confectioneries,Type 2,775,663
1be8b886-92a8-11ee-8750-0242ac1c000c,Salad dressing,,Salad#Dressings,Baking goods,Dressings,Type 2,776,664
1be8dd5c-92a8-11ee-8750-0242ac1c000c,Salt,,Salt,Baking goods,Seasonings,Type 2,778,666
1be9007a-92a8-11ee-8750-0242ac1c000c,Cream,,Cream,Milk and milk products,Other milk products,Type 2,780,669
1be923c0-92a8-11ee-8750-0242ac1c000c,Sugar,,Sugar,Baking goods,Sugars,Type 2,781,670
1be94634-92a8-11ee-8750-0242ac1c000c,Sausage,,Sausage,Dishes,Ground meat,Type 2,782,671
1be96812-92a8-11ee-8750-0242ac1c000c,Meatball,,Meatball,Dishes,Ground meat,Type 2,783,672
1be98aa4-92a8-11ee-8750-0242ac1c000c,Pate,,Pâté,Dishes,Ground meat,Type 2,784,674
1be9ac00-92a8-11ee-8750-0242ac1c000c,Meat bouillon,,,Baking goods,Baking goods,Type 2,786,677
1be9d180-92a8-11ee-8750-0242ac1c000c,Whey,,Whey,Milk and milk products,Other milk products,Type 2,788,679
1be9f520-92a8-11ee-8750-0242ac1c000c,Casein,,Casein,Milk and milk products,Other milk products,Type 2,789,680
1bea188e-92a8-11ee-8750-0242ac1c000c,Leavening agent,,Leavening_agent,Baking goods,Baking goods,Type 2,791,682
1bea3c92-92a8-11ee-8750-0242ac1c000c,Marshmallow,,Marshmallow,Confectioneries,Candies,Type 2,792,683
1bea5f2e-92a8-11ee-8750-0242ac1c000c,Gelatin,,Gelatin,Baking goods,Baking goods,Type 2,793,684
1bea82ba-92a8-11ee-8750-0242ac1c000c,Water,,Water,Beverages,Waters,Type 2,794,685
1beaa5ce-92a8-11ee-8750-0242ac1c000c,Milk (Human),,Milk,Milk and milk products,Unfermented milks,Type 2,796,687
1beaca72-92a8-11ee-8750-0242ac1c000c,Dumpling,,Dumpling,Dishes,Other dishes,Type 2,799,691
1beaecd2-92a8-11ee-8750-0242ac1c000c,Soup,,Soup,Dishes,Other dishes,Type 2,800,692
1beb0ed8-92a8-11ee-8750-0242ac1c000c,Syrup,,Syrup,Baking goods,Baking goods,Type 2,803,695
1beb3106-92a8-11ee-8750-0242ac1c000c,Remoulade,,Remoulade,Baking goods,Condiments,Type 2,805,697
1beb53ac-92a8-11ee-8750-0242ac1c000c,Chocolate spread,,Chocolate spread,Confectioneries,Spreads,Type 2,806,698
1beb75b2-92a8-11ee-8750-0242ac1c000c,Fruit gum,,Fruit_Gums,Confectioneries,Candies,Type 2,807,699
1beb97ae-92a8-11ee-8750-0242ac1c000c,Meringue,,Meringue,Confectioneries,Other confectioneries,Type 2,810,702
1bebbb30-92a8-11ee-8750-0242ac1c000c,Cocoa butter,,Cocoa_butter,Cocoa and cocoa products,Cocoa products,Type 2,814,706
1bebde4e-92a8-11ee-8750-0242ac1c000c,Cocoa powder,,Cocoa_solids,Cocoa and cocoa products,Cocoa products,Type 2,815,707
1bec0040-92a8-11ee-8750-0242ac1c000c,Chocolate,,Types_of_chocolate,Cocoa and cocoa products,Cocoa products,Type 2,817,709
1bec2386-92a8-11ee-8750-0242ac1c000c,Hot chocolate,,Hot_chocolate,Cocoa and cocoa products,Cocoa products,Type 2,818,710
1bec44c4-92a8-11ee-8750-0242ac1c000c,Kefir,,Kefir,Milk and milk products,Fermented milks,Type 2,820,713
1bec67ba-92a8-11ee-8750-0242ac1c000c,Miso,,Miso,Soy,Soy products,Type 2,822,717
1bec89f2-92a8-11ee-8750-0242ac1c000c,Tofu,,Tofu,Soy,Soy products,Type 2,823,718
1becac16-92a8-11ee-8750-0242ac1c000c,Zwieback,,Zwieback,Cereals and cereal products,Leavened breads,Type 2,824,721
1beccf34-92a8-11ee-8750-0242ac1c000c,Roe,,Roe,Aquatic foods,Roe,Type 2,825,722
1becf2a2-92a8-11ee-8750-0242ac1c000c,Icing,,Icing_(food),Confectioneries,Other confectioneries,Type 2,827,724
1bed153e-92a8-11ee-8750-0242ac1c000c,Snack bar,,,Snack foods,Snack foods,Type 2,828,725
1bed3866-92a8-11ee-8750-0242ac1c000c,Green turtle,Chelonia mydas,Green sea turtle,Aquatic foods,Other aquatic foods,Type 1,829,726
1bed5b34-92a8-11ee-8750-0242ac1c000c,Burrito,,Burrito,Dishes,Tex-Mex cuisine,Type 2,831,728
1bed7bfa-92a8-11ee-8750-0242ac1c000c,Hamburger,,Hamburger,Dishes,Sandwiches,Type 2,832,729
1bed9fe0-92a8-11ee-8750-0242ac1c000c,Taco,,Taco,Dishes,Tex-Mex cuisine,Type 2,834,732
1bedc268-92a8-11ee-8750-0242ac1c000c,Tortilla,,Tortilla,Cereals and cereal products,Flat breads,Type 2,835,733
1bede4dc-92a8-11ee-8750-0242ac1c000c,Nachos,,Nachos,Dishes,Tex-Mex cuisine,Type 2,836,734
1bee0d9a-92a8-11ee-8750-0242ac1c000c,Salad,,Salad,Dishes,Other dishes,Type 2,837,736
1bee30fe-92a8-11ee-8750-0242ac1c000c,Dulce de leche,,Dulce_de_leche,Confectioneries,Spreads,Type 2,839,738
1bee53b8-92a8-11ee-8750-0242ac1c000c,Topping,,,Baking goods,Baking goods,Type 2,840,739
1bee765e-92a8-11ee-8750-0242ac1c000c,Sweet custard,,Custard,Confectioneries,Milk desserts,Type 2,841,740
1bee988c-92a8-11ee-8750-0242ac1c000c,Egg roll,,Egg_roll,Dishes,Asian cuisine,Type 2,842,742
1beebad8-92a8-11ee-8750-0242ac1c000c,Heart of palm,,Heart_of_palm,Vegetables,Other vegetables,Type 1,843,743
1beedb94-92a8-11ee-8750-0242ac1c000c,Potato chip,,Potato_chip,Snack foods,Snack foods,Type 2,845,745
1beefef8-92a8-11ee-8750-0242ac1c000c,Tortilla chip,,Tortilla_chip,Snack foods,Snack foods,Type 2,846,746
1bef2270-92a8-11ee-8750-0242ac1c000c,Corn chip,,Corn_chip,Snack foods,Snack foods,Type 2,847,747
1bef4462-92a8-11ee-8750-0242ac1c000c,Hibiscus tea,Hibiscus sabbariffa,Hibiscus_tea,Teas,Herbal teas,Type 1,848,748
1bef6726-92a8-11ee-8750-0242ac1c000c,Stew,,Stew,Dishes,Other dishes,Type 2,849,749
1bef8a76-92a8-11ee-8750-0242ac1c000c,Gelatin dessert,,Gelatin_dessert,Confectioneries,Desserts,Type 2,850,750
1befac04-92a8-11ee-8750-0242ac1c000c,Junket,,Junket_(dessert),Confectioneries,Milk desserts,Type 2,851,751
1befce5a-92a8-11ee-8750-0242ac1c000c,Falafel,,Falafel,Dishes,Other dishes,Type 2,852,752
1befef16-92a8-11ee-8750-0242ac1c000c,Frybread,,Frybread,Dishes,Other dishes,Type 2,853,753
1bf01234-92a8-11ee-8750-0242ac1c000c,Lasagna,,Lasagna,Dishes,Pasta dishes,Type 2,855,755
1bf0355c-92a8-11ee-8750-0242ac1c000c,Pancake,,Pancake,Dishes,Other dishes,Type 2,857,757
1bf0580c-92a8-11ee-8750-0242ac1c000c,Pectin,,Pectin,Baking goods,Baking goods,Type 2,858,758
1bf079ea-92a8-11ee-8750-0242ac1c000c,Pudding,,Pudding,Confectioneries,Desserts,Type 2,859,759
1bf09d26-92a8-11ee-8750-0242ac1c000c,Waffle,,Waffle,Dishes,Other dishes,Type 2,860,760
1bf0c4ae-92a8-11ee-8750-0242ac1c000c,Soy milk,,Soy_milk,Soy,Soy products,Type 2,861,761
1bf0e7e0-92a8-11ee-8750-0242ac1c000c,Meatloaf,,Meatloaf,Dishes,Ground meat,Type 2,862,762
1bf10a68-92a8-11ee-8750-0242ac1c000c,Cocktail,,List_of_cocktails,Beverages,Alcoholic beverages,Type 2,863,764
1bf12dc2-92a8-11ee-8750-0242ac1c000c,Couscous,,Couscous,Dishes,Berber cuisine,Type 2,864,765
1bf14ea6-92a8-11ee-8750-0242ac1c000c,Bulgur,,Bulgur,Cereals and cereal products,Cereal products,Type 2,865,766
1bf170f2-92a8-11ee-8750-0242ac1c000c,Coffee mocha,,Cafe_mocha,Coffee and coffee products,Coffee products,Type 2,867,768
1bf193b6-92a8-11ee-8750-0242ac1c000c,Chimichanga,,Chimichanga,Dishes,Mexican cuisine,Type 2,868,769
1bf1b53a-92a8-11ee-8750-0242ac1c000c,Semolina,,Semolina,Cereals and cereal products,Cereal products,Type 2,869,770
1bf1d83a-92a8-11ee-8750-0242ac1c000c,Tapioca pearl,,Tapioca,Baking goods,Baking goods,Type 2,870,771
1bf1facc-92a8-11ee-8750-0242ac1c000c,Tostada,,Tostada,Dishes,Mexican cuisine,Type 2,871,772
1bf21d7c-92a8-11ee-8750-0242ac1c000c,Quesadilla,,Quesadilla,Dishes,Mexican cuisine,Type 2,872,773
1bf23ee2-92a8-11ee-8750-0242ac1c000c,Baked potato,,Baked_potato,Dishes,Potato dishes,Type 2,873,774
1bf25f9e-92a8-11ee-8750-0242ac1c000c,Hot dog,,Hot_dog,Dishes,Sandwiches,Type 2,874,775
1bf286d6-92a8-11ee-8750-0242ac1c000c,Spread,,Spread_(food),Baking goods,Baking goods,Type 2,875,776
1bf2b034-92a8-11ee-8750-0242ac1c000c,Enchilada,,Enchilada,Dishes,Mexican cuisine,Type 2,876,777
1bf2d334-92a8-11ee-8750-0242ac1c000c,Ketchup,,Ketchup,Baking goods,Condiments,Type 2,880,781
1bf2f940-92a8-11ee-8750-0242ac1c000c,Adobo,,Adobo,Baking goods,Seasonings,Type 2,882,783
1bf32370-92a8-11ee-8750-0242ac1c000c,Horned melon,Cucumis metuliferus,Horned_melon,Gourds,Gourds,Type 2,884,786
1bf349c2-92a8-11ee-8750-0242ac1c000c,Hushpuppy,,Hushpuppy,Dishes,American cuisine,Type 2,885,787
1bf36dee-92a8-11ee-8750-0242ac1c000c,Fruit juice,,Juice,Beverages,Other beverages,Type 2,886,788
1bf3904e-92a8-11ee-8750-0242ac1c000c,Relish,,Relish,Baking goods,Condiments,Type 2,887,789
1bf3b2ea-92a8-11ee-8750-0242ac1c000c,Fruit salad,,Fruit_salad,Fruits,Fruit products,Type 2,889,791
1bf3d478-92a8-11ee-8750-0242ac1c000c,Soy yogurt,,Soy_yogurt,Soy,Soy products,Type 2,890,792
1bf3f73c-92a8-11ee-8750-0242ac1c000c,Cold cut,,Cold_cut,Dishes,Ground meat,Type 2,893,795
1bf4196a-92a8-11ee-8750-0242ac1c000c,Mixed nuts,,Mixed_nuts,Nuts,Nuts,Type 2,894,796
1bf43b84-92a8-11ee-8750-0242ac1c000c,Babassu palm,Attalea speciosa,Attalea_speciosa,Herbs and Spices,Oilseed crops,Type 1,895,798
1bf45c7c-92a8-11ee-8750-0242ac1c000c,Shea tree,Vitellaria paradoxa,Shea_tree,Herbs and Spices,Oilseed crops,Type 1,897,800
1bf47f40-92a8-11ee-8750-0242ac1c000c,Oil-seed Camellia,Camellia oleifera,Camellia_oleifera,Herbs and Spices,Oilseed crops,Type 1,898,801
1bf4a204-92a8-11ee-8750-0242ac1c000c,Ucuhuba,Virola surinamensis,Virola_surinamensis,Herbs and Spices,Oilseed crops,Type 1,899,802
1bf4c46e-92a8-11ee-8750-0242ac1c000c,Phyllo dough,,Phyllo,Baking goods,Baking goods,Type 2,900,803
1bf4e5a2-92a8-11ee-8750-0242ac1c000c,Cooking oil,,Cooking_oil,Baking goods,Baking goods,Type 2,901,804
1bf50988-92a8-11ee-8750-0242ac1c000c,Pie crust,,Pie_crust,Baking goods,Wrappers,Type 2,902,805
1bf52c10-92a8-11ee-8750-0242ac1c000c,Pie,,Pie,Confectioneries,Desserts,Type 2,904,807
1bf54e66-92a8-11ee-8750-0242ac1c000c,Shortening,,Shortening,Fats and oils,Vegetable fats,Type 2,905,808
1bf57134-92a8-11ee-8750-0242ac1c000c,Soy cream,,,Soy,Soy products,Type 2,906,809
1bf592fe-92a8-11ee-8750-0242ac1c000c,Ice cream cone,,Ice_cream_cone,Baking goods,Wrappers,Type 2,907,810
1bf5b702-92a8-11ee-8750-0242ac1c000c,Molasses,,Molasses,Baking goods,Baking goods,Type 2,908,811
1bf5d9da-92a8-11ee-8750-0242ac1c000c,Nance,Byrsonima crassifolia,Byrsonima_crassifolia,Fruits,Tropical fruits,Type 1,909,813
1bf5fb4a-92a8-11ee-8750-0242ac1c000c,Natto,,Natto,Soy,Soy products,Type 2,911,815
1bf61dbe-92a8-11ee-8750-0242ac1c000c,Ravioli,,Ravioli,Dishes,Pasta dishes,Type 2,912,816
1bf64028-92a8-11ee-8750-0242ac1c000c,Scrapple,,Scrapple,Dishes,American cuisine,Type 2,913,817
1bf6629c-92a8-11ee-8750-0242ac1c000c,Succotash,,Succotash,Dishes,American cuisine,Type 2,915,819
1bf68538-92a8-11ee-8750-0242ac1c000c,Tamale,,Tamale,Dishes,Latin American cuisine,Type 2,916,820
1bf6a8f6-92a8-11ee-8750-0242ac1c000c,Rice cake,,Rice_cake,Dishes,Asian cuisine,Type 2,917,822
1bf6cc46-92a8-11ee-8750-0242ac1c000c,Tree fern,Cyathea,Cyatheales,Vegetables,Other vegetables,Type 1,918,823
1bf6ef46-92a8-11ee-8750-0242ac1c000c,Evaporated milk,,Evaporated_milk,Milk and milk products,Other milk products,Type 2,919,824
1bf712c8-92a8-11ee-8750-0242ac1c000c,Flour,,Flour,Cereals and cereal products,Cereal products,Type 2,920,825
1bf735e6-92a8-11ee-8750-0242ac1c000c,Akutaq,,Akutaq,Confectioneries,Desserts,Type 2,921,826
1bf757ce-92a8-11ee-8750-0242ac1c000c,Pita bread,,Pita_bread,Cereals and cereal products,Flat breads,Type 2,923,829
1bf77b28-92a8-11ee-8750-0242ac1c000c,Focaccia,,Focaccia,Cereals and cereal products,Flat breads,Type 2,924,830
1bf79db0-92a8-11ee-8750-0242ac1c000c,Bagel,,Bagel,Cereals and cereal products,Leavened breads,Type 2,925,831
1bf7c01a-92a8-11ee-8750-0242ac1c000c,Piki bread,,Piki,Cereals and cereal products,Flat breads,Type 2,927,834
1bf7e324-92a8-11ee-8750-0242ac1c000c,French toast,,French_toast,Cereals and cereal products,Leavened breads,Type 2,928,835
1bf80700-92a8-11ee-8750-0242ac1c000c,Oat bread,,,Cereals and cereal products,Leavened breads,Type 2,929,838
1bf82f8c-92a8-11ee-8750-0242ac1c000c,Potato bread,,Potato_bread,Cereals and cereal products,Other breads,Type 2,930,839
1bf850e8-92a8-11ee-8750-0242ac1c000c,Cornbread,,Cornbread,Cereals and cereal products,Flat breads,Type 2,931,840
1bf8746a-92a8-11ee-8750-0242ac1c000c,Corn grits,,Grits,Cereals and cereal products,Cereal products,Type 2,932,841
1bf89706-92a8-11ee-8750-0242ac1c000c,Multigrain bread,,,Cereals and cereal products,Leavened breads,Type 2,933,842
1bf8ba10-92a8-11ee-8750-0242ac1c000c,Rice bread,,Rice_bread,Cereals and cereal products,Leavened breads,Type 2,934,843
1bf8f822-92a8-11ee-8750-0242ac1c000c,Pan dulce,,Gibraltarian_cuisine#Pan_dulce,Cereals and cereal products,Leavened breads,Type 2,935,844
1bf926a8-92a8-11ee-8750-0242ac1c000c,Raisin bread,,Raisin_bread,Cereals and cereal products,Sweet breads,Type 2,936,845
1bf94ce6-92a8-11ee-8750-0242ac1c000c,Wonton wrapper,,,Baking goods,Wrappers,Type 2,937,846
1bf96fd2-92a8-11ee-8750-0242ac1c000c,Trail mix,,Trail_mix,Snack foods,Snack foods,Type 2,938,848
1bf993c2-92a8-11ee-8750-0242ac1c000c,Greenthread tea,Thelesperma,Thelesperma,Teas,Herbal teas,Type 1,939,849
1bf9b69a-92a8-11ee-8750-0242ac1c000c,Vegetable juice,,Vegetable juice,Beverages,Other beverages,Type 2,941,851
1bf9d7ce-92a8-11ee-8750-0242ac1c000c,Horchata,,Horchata,Beverages,Other beverages,Type 2,942,852
1bf9fb64-92a8-11ee-8750-0242ac1c000c,Soft drink,,Soft_drink,Beverages,Other beverages,Type 2,943,853
1bfa1d92-92a8-11ee-8750-0242ac1c000c,Milkshake,,Milkshake,Confectioneries,Frozen desserts,Type 2,944,855
1bfa4042-92a8-11ee-8750-0242ac1c000c,Chocolate mousse,,Mousse,Confectioneries,Desserts,Type 2,945,856
1bfa7b34-92a8-11ee-8750-0242ac1c000c,Pupusa,,Pupusa,Dishes,Latin American cuisine,Type 2,947,858
1bfaa12c-92a8-11ee-8750-0242ac1c000c,Empanada,,Empanada,Dishes,Latin American cuisine,Type 2,948,859
1bfac328-92a8-11ee-8750-0242ac1c000c,Arepa,,Arepa,Dishes,Latin American cuisine,Type 2,949,860
1bfae7ae-92a8-11ee-8750-0242ac1c000c,Ascidians,Ascidiacea,Ascidiacea,Aquatic foods,Other aquatic foods,Type 2,950,861
1bfb0f18-92a8-11ee-8750-0242ac1c000c,Gefilte fish,,Gefilte_fish,Dishes,Jewish cuisine,Type 2,951,862
1bfb37c2-92a8-11ee-8750-0242ac1c000c,Yellow pond-lily,Nuphar lutea,Nuphar_lutea,Herbs and Spices,Herbs,Type 1,952,863
1bfb5ba8-92a8-11ee-8750-0242ac1c000c,Fish burger,,Filet-O-Fish,Dishes,Sandwiches,Type 2,953,864
1bfb7ea8-92a8-11ee-8750-0242ac1c000c,Pot pie,,Pot_pie,Dishes,Other dishes,Type 2,955,866
1bfba112-92a8-11ee-8750-0242ac1c000c,Stuffing,,Stuffing,Baking goods,Baking goods,Type 2,956,867
1bfbc368-92a8-11ee-8750-0242ac1c000c,Fudge,,Fudge,Confectioneries,Candies,Type 2,958,869
1bfbe726-92a8-11ee-8750-0242ac1c000c,Candy bar,,Chocolate_bar,Confectioneries,Candies,Type 2,959,870
1bfc0a58-92a8-11ee-8750-0242ac1c000c,Condensed milk,,Condensed_milk,Milk and milk products,Other milk products,Type 2,960,871
1bfc2bd2-92a8-11ee-8750-0242ac1c000c,Margarine,,Margarine,Fats and oils,Vegetable fats,Type 2,961,872
1bfc4ebe-92a8-11ee-8750-0242ac1c000c,Hummus,,Hummus,Dishes,Levantine cuisine,Type 2,963,874
1bfc6ff2-92a8-11ee-8750-0242ac1c000c,Potato puffs,,,Dishes,Potato dishes,Type 2,964,876
1bfc93f6-92a8-11ee-8750-0242ac1c000c,Potato gratin,,Gratin,Dishes,Potato dishes,Type 2,965,877
1bfcb62e-92a8-11ee-8750-0242ac1c000c,Chinese bayberry,Myrica rubra,Myrica rubra,Fruits,Berries,Type 1,967,882
1bfcd834-92a8-11ee-8750-0242ac1c000c,Green zucchini,Cucurbita pepo var. cylindrica,Zucchini,Gourds,Gourds,Type 1,968,907
1bfcfabc-92a8-11ee-8750-0242ac1c000c,Saskatoon berry,Amelanchier alnifolia,Amelanchier alnifolia,Fruits,Berries,Type 1,970,916
1bfd1c72-92a8-11ee-8750-0242ac1c000c,Nanking cherry,Prunus tomentosa,Prunus tomentosa,Fruits,Berries,Type 1,971,917
1bfd3d7e-92a8-11ee-8750-0242ac1c000c,Japanese pumpkin,Cucurbita maxima,Kabocha,Gourds,Gourds,Type 1,972,918
1bfd5f3e-92a8-11ee-8750-0242ac1c000c,Guinea hen,Numida meleagris,Guinea_hen,Animal foods,Poultry,Type 1,977,378
1bfd7ff0-92a8-11ee-8750-0242ac1c000c,Cucurbita,Cucurbita,Cucurbita,Gourds,Gourds,Type 1,978,66
1bfda23c-92a8-11ee-8750-0242ac1c000c,Coconut milk,,,Milk and milk products,Other milk products,Type 1,981,970
1bfdc406-92a8-11ee-8750-0242ac1c000c,Coconut oil,,,Herbs and Spices,Oilseed crops,Type 2,982,973
1bfde63e-92a8-11ee-8750-0242ac1c000c,Lard,,Lard,Fats and oils,Animal fats,Type 2,990,703
1bfe08f8-92a8-11ee-8750-0242ac1c000c,Cooking oil,,Cooking_oil,Baking goods,Baking goods,Type 2,999,804
